Date,Zone,ID,Station_ID,Unique_ID,Start_time,Stop_time,Meter,Depth,Air_temp,Water_temp,Salinity,Spec_cond,Der_spec_cond,DO,Perc_sat,pH,comments
2/20/1996,W,1,W1,W10.4125,9:54:00 AM,10:20:00 AM,,0.9,17.3,14,6,8330,8330,2.1,21,,"combine rows 2-3, add columns for differing data values"
2/20/1996,W,1,W1,W10.4125,9:54:00 AM,10:20:00 AM,,0,,14,5,7030,7030,8.9,89,,
2/20/1996,W,2,W2,W20.434027777777778,10:25:00 AM,10:45:00 AM,,1.3,16,14,6,8330,8330,8.6,87,,
2/20/1996,W,2,W2,W20.434027777777778,10:25:00 AM,10:45:00 AM,,0,,14.5,5,7120,7120,9.6,97,,
2/20/1996,W,2.1,W2.1,W2.10.451388888888889,10:50:00 AM,11:05:00 AM,,0.45,15,14.2,5,7070,7070,8.8,88,,
2/20/1996,W,2.1,W2.1,W2.10.451388888888889,10:50:00 AM,11:05:00 AM,,0,,14.2,5,7070,7070,9.4,95,,
2/20/1996,W,3,W3,W30.46875,11:15:00 AM,11:30:00 AM,,0.25,14.5,14.8,5.2,7430,7430,9.4,96,,
2/20/1996,W,3,W3,W30.46875,11:15:00 AM,11:30:00 AM,,0,,14,3,4360,4360,10.2,101,,
2/20/1996,W,3.1,W3.1,W3.10.483333333333333,11:36:00 AM,11:54:00 AM,,0.62,14.2,14,6,8330,8330,9.1,92,,
2/20/1996,W,3.1,W3.1,W3.10.483333333333333,11:36:00 AM,11:54:00 AM,,0,,14.1,5,7050,7050,8.4,84,,
2/20/1996,W,4,W4,W40.498611111111111,11:58:00 AM,12:20:00 PM,,0.3,16,15,6,8530,8530,8.4,86,,
2/20/1996,W,4,W4,W40.498611111111111,11:58:00 AM,12:20:00 PM,,0,,14.5,6,8430,8430,9.9,101,,
2/20/1996,W,5,W5,W50.517361111111111,12:25:00 PM,12:40:00 PM,,0.45,16,15,5.8,8270,8270,8.4,86,,saturation DO 9.7
2/20/1996,W,5,W5,W50.517361111111111,12:25:00 PM,12:40:00 PM,,0,,15,4,5850,5850,9.8,100,,
2/20/1996,W,5.1,W5.1,W5.10.529166666666667,12:42:00 PM,12:52:00 PM,,1.15,14.8,15,5.6,8000,8000,8.3,85,,
2/20/1996,W,5.1,W5.1,W5.10.529166666666667,12:42:00 PM,12:52:00 PM,,0,,15,5,7200,7200,10,102,,
2/20/1996,NW,6,NW6,NW60.586805555555556,2:05:00 PM,2:35:00 PM,,1.1,16.2,14.8,9.6,13130,13130,8.5,89,,
2/20/1996,NW,6,NW6,NW60.586805555555556,2:05:00 PM,2:35:00 PM,,0,,15.2,7,9900,9900,9.9,103,,
2/20/1996,NW,7,NW7,NW70.611111111111111,2:40:00 PM,3:10:00 PM,,1.15,16.5,15.2,5.5,7910,7910,7.4,76,,barometric pressure 29.87 in Hg@1600 HR
2/20/1996,NW,7,NW7,NW70.611111111111111,2:40:00 PM,3:10:00 PM,,0,,17,3,4680,4680,9.2,97,,
2/28/1996,NE,12,NE12,NE120.395833333333333,9:30:00 AM,10:12:00 AM,,1.1,14.5,11,2.7,3670,3670,6,55,,saturation DO 10.9
2/28/1996,NE,12,NE12,NE120.395833333333333,9:30:00 AM,10:12:00 AM,,0,,11,2.5,3410,3410,12.3,113,,
2/28/1996,NE,12.1,NE12.1,NE12.10.427083333333333,10:15:00 AM,10:45:00 AM,,1.2,9.5,11,2.5,3410,3410,7,65,,
2/28/1996,NE,12.1,NE12.1,NE12.10.427083333333333,10:15:00 AM,10:45:00 AM,,0,,11,2.3,3150,3150,10.2,94,,
10/3/1996,W,1,W1,W10.364583333333333,8:45:00 AM,10:15:00 AM,,0.74,17,14.5,9,12290,12290,1.2,13,,
10/3/1996,W,1,W1,W10.364583333333333,8:45:00 AM,10:15:00 AM,,0,,14.5,9,12290,12290,,,,
10/3/1996,W,1.1,W1.1,W1.10.440972222222222,10:35:00 AM,12:00:00 PM,,0.4,17,15.5,8.8,12320,12320,1.2,13,,
10/3/1996,W,1.1,W1.1,W1.10.440972222222222,10:35:00 AM,12:00:00 PM,,0,,15.5,8.8,12320,12320,,,,
10/4/1996,W,3.1,W3.1,W3.10.364583333333333,8:45:00 AM,9:58:00 AM,,0.4,16,16.5,9,12870,12870,0.8,9,,
10/4/1996,W,3.1,W3.1,W3.10.364583333333333,8:45:00 AM,9:58:00 AM,,0,,16.5,9,12870,12870,0.9,10,,
10/4/1996,W,4,W4,W40.416666666666667,10:00:00 AM,10:48:00 AM,,0.82,,17,7.3,10730,10730,0.8,9,,
10/4/1996,W,4,W4,W40.416666666666667,10:00:00 AM,10:48:00 AM,,0,,17,7.4,10860,10860,1.1,12,,
10/4/1996,W,5.1,W5.1,W5.10.458333333333333,11:00:00 AM,11:17:00 AM,,0.25,,18.1,7.3,11000,11000,1,11,,
10/4/1996,W,5.1,W5.1,W5.10.458333333333333,11:00:00 AM,11:17:00 AM,,0,,17.8,7.4,11060,11060,0.9,10,,
10/4/1996,NW,6,NW6,NW60.482638888888889,11:35:00 AM,12:50:00 PM,,0.55,,17.9,7.3,10950,10950,0.6,7,,
10/4/1996,NW,6,NW6,NW60.482638888888889,11:35:00 AM,12:50:00 PM,,0,,18.3,7.6,11460,11460,3.2,36,,
10/4/1996,NW,7,NW7,NW70.5625,1:30:00 PM,2:25:00 PM,,0.48,22,18.9,7.3,11190,11190,0.7,8,,
10/4/1996,NW,7,NW7,NW70.5625,1:30:00 PM,2:25:00 PM,,0,,19.4,7.4,11460,11460,1,11,,
10/4/1996,NW,8,NW8,NW80.607638888888889,2:35:00 PM,3:35:00 PM,,0.4,27.5,20,7.3,11470,11470,0.2,2,,
10/4/1996,NW,8,NW8,NW80.607638888888889,2:35:00 PM,3:35:00 PM,,0,,21.7,7.2,11740,11740,1.3,15,,
10/4/1996,NW,8.1,NW8.1,NW8.10.652777777777778,3:40:00 PM,,,0.4,29,20.5,7.4,11740,11740,0.6,7,,
10/4/1996,NW,8.1,NW8.1,NW8.10.652777777777778,3:40:00 PM,,,0,,23,7.6,12680,12680,1.4,17,,
10/5/1996,E,10,E10,E100.375,9:00:00 AM,10:00:00 AM,,0.35,,16.7,6.1,9020,9020,0.5,5,,
10/5/1996,E,10,E10,E100.375,9:00:00 AM,10:00:00 AM,,0,,16.6,5.5,8170,8170,0.6,6,,
10/5/1996,E,11,E11,E11NA,NA,,,0.3,,18.5,7,10670,10670,0.6,7,,
10/5/1996,E,11,E11,E11NA,NA,,,0,,18.5,7.6,11520,11520,0.6,7,,
10/5/1996,E,13.1,E13.1,E13.10.465277777777778,11:10:00 AM,,,0.37,,19.6,6,9480,9480,0.4,5,,
10/5/1996,E,13.1,E13.1,E13.10.465277777777778,11:10:00 AM,,,0,,19.4,4.8,7660,7660,1.9,21,,
10/5/1996,SE,15.1,SE15.1,SE15.10.583333333333333,2:00:00 PM,2:30:00 PM,,0.65,,20.4,7.5,11860,11860,1,12,,
10/5/1996,SE,15.1,SE15.1,SE15.10.583333333333333,2:00:00 PM,2:30:00 PM,,0,,20.5,7.6,12030,12030,1.7,20,,
10/5/1996,SE,16,SE16,SE160.607638888888889,2:35:00 PM,3:10:00 PM,,0.32,,21.6,7.4,12020,12020,1.8,21,,
10/5/1996,SE,16,SE16,SE160.607638888888889,2:35:00 PM,3:10:00 PM,,0,,21.6,7.4,12020,12020,1.8,21,,
10/5/1996,SE,16.1,SE16.1,SE16.10.541666666666667,1:00:00 PM,1:35:00 PM,,0.45,,19.6,7.1,11080,11080,1.5,17,,
10/5/1996,SE,16.1,SE16.1,SE16.10.541666666666667,1:00:00 PM,1:35:00 PM,,0,,19.6,7.1,11080,11080,1.7,19,,
2/28/1997,W,1,W1,W10.458333333333333,11:00:00 AM,11:08:00 AM,"YSI33, Hach2010, Oakton pHtestr2",1.11,28,,5,,,,,,
2/28/1997,W,1,W1,W10.458333333333333,11:00:00 AM,11:08:00 AM,"YSI33, Hach2010, Oakton pHtestr2",0,,,,,,,,,
2/28/1997,W,1.1,W1.1,W1.1NA,NA,,"YSI33, Hach2010, Oakton pHtestr2",1,19,12,4,5440,5440,8.8,83.7,,
2/28/1997,W,1.1,W1.1,W1.1NA,NA,,"YSI33, Hach2010, Oakton pHtestr2",0,,12,4,5440,5440,10.2,97,,
2/28/1997,W,2,W2,W20.4375,10:30:00 AM,,"YSI33, Hach2010, Oakton pHtestr2",1.05,14,9,4,5030,5030,9.5,84,,
2/28/1997,W,2,W2,W20.4375,10:30:00 AM,,"YSI33, Hach2010, Oakton pHtestr2",0,,9,4,5030,5030,9.5,84,,
2/28/1997,W,2.1,W2.1,W2.10.440972222222222,10:35:00 AM,10:45:00 AM,"YSI33, Hach2010, Oakton pHtestr2",1.23,,,,,,,,,
2/28/1997,W,2.1,W2.1,W2.10.440972222222222,10:35:00 AM,10:45:00 AM,"YSI33, Hach2010, Oakton pHtestr2",0,,,,,,,,,
2/28/1997,W,2.3,W2.3,W2.30.445833333333333,10:42:00 AM,10:50:00 AM,"YSI33, Hach2010, Oakton pHtestr2",0.85,9,12,3.75,5120,5120,9.5,90,,
2/28/1997,W,2.3,W2.3,W2.30.445833333333333,10:42:00 AM,10:50:00 AM,"YSI33, Hach2010, Oakton pHtestr2",0,,11.5,4,5370,5370,9.5,89,,
2/28/1997,W,3,W3,W3NA,NA,,"YSI33, Hach2010, Oakton pHtestr2",0.7,,,,,,,,,
2/28/1997,W,3,W3,W3NA,NA,,"YSI33, Hach2010, Oakton pHtestr2",0,,,,,,,,,
2/28/1997,W,3.1,W3.1,W3.10.418055555555556,10:02:00 AM,,"YSI33, Hach2010, Oakton pHtestr2",0.85,14,11,4,5300,5300,10.5,98,,
2/28/1997,W,3.1,W3.1,W3.10.418055555555556,10:02:00 AM,,"YSI33, Hach2010, Oakton pHtestr2",0,,11,4,5300,5300,10.8,101,,
2/28/1997,W,3.2,W3.2,W3.20.427083333333333,10:15:00 AM,10:25:00 AM,"YSI33, Hach2010, Oakton pHtestr2",1.01,,,,,,,,,
2/28/1997,W,3.2,W3.2,W3.20.427083333333333,10:15:00 AM,10:25:00 AM,"YSI33, Hach2010, Oakton pHtestr2",0,,,,,,,,,
2/28/1997,W,4,W4,W40.411111111111111,9:52:00 AM,,"YSI33, Hach2010, Oakton pHtestr2",0.24,,,,,,,,,
2/28/1997,W,4,W4,W40.411111111111111,9:52:00 AM,,"YSI33, Hach2010, Oakton pHtestr2",0,,,,,,,,,
2/28/1997,W,5,W5,W50.388888888888889,9:20:00 AM,9:40:00 AM,"YSI33, Hach2010, Oakton pHtestr2",0.28,14,12,4,5440,5440,9.6,91,,
2/28/1997,W,5,W5,W50.388888888888889,9:20:00 AM,9:40:00 AM,"YSI33, Hach2010, Oakton pHtestr2",0,,12,3,4150,4150,9.6,91,,
2/28/1997,W,5.1,W5.1,W5.10.404861111111111,9:43:00 AM,9:53:00 AM,"YSI33, Hach2010, Oakton pHtestr2",0.62,14,12,4,5440,5440,9.6,91,,
2/28/1997,W,5.1,W5.1,W5.10.404861111111111,9:43:00 AM,9:53:00 AM,"YSI33, Hach2010, Oakton pHtestr2",0,,12,3,4150,4150,9.6,91,,
2/28/1997,NW,6.1,NW6.1,NW6.10.479166666666667,11:30:00 AM,,"YSI33, Hach2010, Oakton pHtestr2",1.03,23.5,24.5,3.8,6870,6870,10.5,129,,
2/28/1997,NW,6.1,NW6.1,NW6.10.479166666666667,11:30:00 AM,,"YSI33, Hach2010, Oakton pHtestr2",0,,24,3.8,6800,6800,10.5,127,,
2/28/1997,NW,6.2,NW6.2,NW6.2NA,NA,,"YSI33, Hach2010, Oakton pHtestr2",0.83,,,,,,,,,
2/28/1997,NW,6.2,NW6.2,NW6.2NA,NA,,"YSI33, Hach2010, Oakton pHtestr2",0,,,,,,,,,
2/28/1997,NW,7,NW7,NW70.53125,12:45:00 PM,,"YSI33, Hach2010, Oakton pHtestr2",0.5,15,13,4.3,5960,5960,9.7,95,,
2/28/1997,NW,7,NW7,NW70.53125,12:45:00 PM,,"YSI33, Hach2010, Oakton pHtestr2",0,,13.5,4,5640,5640,9.7,96,,
2/28/1997,NW,8,NW8,NW8NA,NA,,"YSI33, Hach2010, Oakton pHtestr2",0.45,15,15,4,5850,5850,6,61,,
2/28/1997,NW,8,NW8,NW8NA,NA,,"YSI33, Hach2010, Oakton pHtestr2",0,,15,4,5850,5850,8.5,86,,
2/28/1997,NW,8.1,NW8.1,NW8.1NA,NA,,"YSI33, Hach2010, Oakton pHtestr2",0.33,16,13.5,4,5640,5640,4.5,44,,
2/28/1997,NW,8.1,NW8.1,NW8.1NA,NA,,"YSI33, Hach2010, Oakton pHtestr2",0,,14,4,5710,5710,5.4,54,,
2/28/1997,NW,8.2,NW8.2,NW8.20.569444444444444,1:40:00 PM,,"YSI33, Hach2010, Oakton pHtestr2",0.45,19,14.5,4,5780,5780,7.6,76,,
2/28/1997,NW,8.2,NW8.2,NW8.20.569444444444444,1:40:00 PM,,"YSI33, Hach2010, Oakton pHtestr2",0,,15,3.5,5160,5160,10.3,104,,
2/28/1997,NW,8.3,NW8.3,NW8.30.0763888888888889,1:50:00 AM,2:20:00 PM,"YSI33, Hach2010, Oakton pHtestr2",0.6,18,14,4,5710,5710,8,80,,
2/28/1997,NW,8.3,NW8.3,NW8.30.576388888888889,1:50:00 PM,2:20:00 PM,"YSI33, Hach2010, Oakton pHtestr2",0,,14,4,5710,5710,9.5,95,,
3/2/1997,E,10,E10,E100.395833333333333,9:30:00 AM,,"YSI33, Hach2010, Oakton pHtestr2",0.56,26,13,3,4250,4250,9.4,91,,
3/2/1997,E,10,E10,E100.395833333333333,9:30:00 AM,,"YSI33, Hach2010, Oakton pHtestr2",0,,13,2.8,3990,3990,11,106,,
3/2/1997,E,10.1,E10.1,E10.10.427083333333333,10:15:00 AM,,"YSI33, Hach2010, Oakton pHtestr2",0.66,26,13,3,4250,4250,9.4,91,,
3/2/1997,E,10.1,E10.1,E10.10.427083333333333,10:15:00 AM,,"YSI33, Hach2010, Oakton pHtestr2",0,,13,2.8,3990,3990,11,106,,
3/2/1997,E,11,E11,E110.461805555555556,11:05:00 AM,11:35:00 AM,"YSI33, Hach2010, Oakton pHtestr2",0.35,14,12.5,2.5,3540,3540,9.75,93,,
3/2/1997,E,11,E11,E110.461805555555556,11:05:00 AM,11:35:00 AM,"YSI33, Hach2010, Oakton pHtestr2",0,,13,2.5,3580,3580,10.2,98,,
3/2/1997,E,13.1,E13.1,E13.10.486111111111111,11:40:00 AM,12:00:00 PM,"YSI33, Hach2010, Oakton pHtestr2",0.9,15.5,12.8,2,2890,2890,9.8,94,,
3/2/1997,E,13.1,E13.1,E13.10.486111111111111,11:40:00 AM,12:00:00 PM,"YSI33, Hach2010, Oakton pHtestr2",0,,12.8,3.25,4560,4560,10.7,103,,
3/2/1997,E,13.2,E13.2,E13.2NA,NA,,"YSI33, Hach2010, Oakton pHtestr2",0.9,15.5,12.8,2,2890,2890,9.8,94,,
3/2/1997,E,13.2,E13.2,E13.2NA,NA,,"YSI33, Hach2010, Oakton pHtestr2",0,,12.8,3.25,4560,4560,10.7,103,,
3/2/1997,E,13.3,E13.3,E13.3NA,NA,,"YSI33, Hach2010, Oakton pHtestr2",0.7,17.5,13.7,2.5,3650,3650,9,88,,
3/2/1997,E,13.3,E13.3,E13.3NA,NA,,"YSI33, Hach2010, Oakton pHtestr2",0,,13.7,2.5,3650,3650,10.7,105,,
3/2/1997,E,13.4,E13.4,E13.4NA,NA,1:30:00 PM,"YSI33, Hach2010, Oakton pHtestr2",92,13,13,2.9,4120,4120,10,97,,
3/2/1997,E,13.4,E13.4,E13.4NA,NA,1:30:00 PM,"YSI33, Hach2010, Oakton pHtestr2",0,,13,2.5,3580,3580,10.6,102,,
3/3/1997,SE,15,SE15,SE15NA,NA,,"YSI33, Hach2010, Oakton pHtestr2",0.55,11,12.5,4.2,5760,5760,6.6,64,,
3/3/1997,SE,15,SE15,SE15NA,NA,,"YSI33, Hach2010, Oakton pHtestr2",0,,13,4,5570,5570,7.7,75,,
3/3/1997,SE,15.1,SE15.1,SE15.1NA,NA,,"YSI33, Hach2010, Oakton pHtestr2",0.3,14.5,13,4,5570,5570,9.8,95,,
3/3/1997,SE,15.1,SE15.1,SE15.1NA,NA,,"YSI33, Hach2010, Oakton pHtestr2",0,,13,4,5570,5570,10,97,,
3/3/1997,SE,15.2,SE15.2,SE15.2NA,NA,,"YSI33, Hach2010, Oakton pHtestr2",0.7,10.5,13,4.2,5830,5830,9.6,94,,
3/3/1997,SE,15.2,SE15.2,SE15.2NA,NA,,"YSI33, Hach2010, Oakton pHtestr2",0,,13,4.2,5830,5830,9.6,94,,
3/3/1997,SE,16,SE16,SE16NA,NA,,"YSI33, Hach2010, Oakton pHtestr2",0.5,12,12.8,4.2,5800,5800,8.8,85,,
3/3/1997,SE,16,SE16,SE16NA,NA,,"YSI33, Hach2010, Oakton pHtestr2",0,,12.8,4.2,5800,5800,9,87,,
3/3/1997,SE,16.1,SE16.1,SE16.10.458333333333333,11:00:00 AM,,"YSI33, Hach2010, Oakton pHtestr2",0.65,15.5,13,4.2,5830,5830,10.2,99,,
3/3/1997,SE,16.1,SE16.1,SE16.10.458333333333333,11:00:00 AM,,"YSI33, Hach2010, Oakton pHtestr2",0,,13,4.2,5830,5830,10.2,99,,
3/3/1997,SE,16.2,SE16.2,SE16.20.402777777777778,9:40:00 AM,,"YSI33, Hach2010, Oakton pHtestr2",0.55,11,12,4.5,6070,6070,9.5,91,,
3/3/1997,SE,16.2,SE16.2,SE16.20.402777777777778,9:40:00 AM,,"YSI33, Hach2010, Oakton pHtestr2",0,,12,4,5440,5440,9.9,94,,
3/3/1997,SE,16.3,SE16.3,SE16.3NA,NA,,"YSI33, Hach2010, Oakton pHtestr2",0.65,11,13,4.2,5830,5830,7.8,76,,
3/3/1997,SE,16.3,SE16.3,SE16.3NA,NA,,"YSI33, Hach2010, Oakton pHtestr2",0,,13,4.2,5830,5830,9.5,93,,
9/17/1997,W,1,W1,W10.666666666666667,4:00:00 PM,4:50:00 PM,"YSI33, Hach2010, Oakton pHtestr2",0.5,20,21.5,6.5,10630,10630,10.5563035,126,8.7,
9/17/1997,W,1,W1,W10.666666666666667,4:00:00 PM,4:50:00 PM,"YSI33, Hach2010, Oakton pHtestr2",0,,21.5,6.5,10630,10630,11.51596745,137,8.7,
9/17/1997,W,1.1,W1.1,W1.10.625,3:00:00 PM,3:45:00 PM,"YSI33, Hach2010, Oakton pHtestr2",0.5,,21.5,6.5,10630,10630,9.788572333,116,8.7,
9/17/1997,W,1.1,W1.1,W1.10.625,3:00:00 PM,3:45:00 PM,"YSI33, Hach2010, Oakton pHtestr2",0,,21.5,6.5,10630,10630,10.5563035,126,8.7,
9/17/1997,W,2,W2,W20.572916666666667,1:45:00 PM,2:15:00 PM,"YSI33, Hach2010, Oakton pHtestr2",0.65,25.5,20.5,7,11150,11150,9.186018177,107,8.6,
9/17/1997,W,2,W2,W20.572916666666667,1:45:00 PM,2:15:00 PM,"YSI33, Hach2010, Oakton pHtestr2",0,,20.5,6.5,10410,10410,9.403724176,110,8.6,
9/17/1997,W,3,W3,W30.472222222222222,11:20:00 AM,11:45:00 AM,"YSI33, Hach2010, Oakton pHtestr2",0.45,22,19,6.5,10070,10070,5.756396118,65,8.6,
9/17/1997,W,3,W3,W30.472222222222222,11:20:00 AM,11:45:00 AM,"YSI33, Hach2010, Oakton pHtestr2",0,,19.5,6.5,10180,10180,6.524301558,75,8.6,
9/17/1997,W,3.1,W3.1,W3.10.489583333333333,11:45:00 AM,11:12:00 AM,"YSI33, Hach2010, Oakton pHtestr2",0.45,23,19.5,6.5,10180,10180,5.564845446,64,8.5,
9/17/1997,W,3.1,W3.1,W3.10.489583333333333,11:45:00 AM,11:12:00 AM,"YSI33, Hach2010, Oakton pHtestr2",0,,19.5,6.5,10180,10180,6.71619278,77,8.6,
9/17/1997,W,3.2,W3.2,W3.20.493055555555556,11:50:00 AM,12:30:00 PM,"YSI33, Hach2010, Oakton pHtestr2",0.6,23,19.5,6.5,10180,10180,6.044573502,69,8.6,
9/17/1997,W,3.2,W3.2,W3.20.493055555555556,11:50:00 AM,12:30:00 PM,"YSI33, Hach2010, Oakton pHtestr2",0,,19.5,6.5,10180,10180,6.908084003,79,8.6,
9/17/1997,W,4,W4,W40.430555555555556,10:20:00 AM,10:43:00 AM,"YSI33, Hach2010, Oakton pHtestr2",0.3,22,19.5,6.5,10180,10180,5.277008613,60,8.5,
9/17/1997,W,4,W4,W40.430555555555556,10:20:00 AM,10:43:00 AM,"YSI33, Hach2010, Oakton pHtestr2",0,,19.5,6.5,10180,10180,5.372954224,62,8.5,
9/17/1997,W,5.1,W5.1,W5.10.409722222222222,9:50:00 AM,10:18:00 AM,"YSI33, Hach2010, Oakton pHtestr2",0.35,21,19,6.5,10070,10070,4.413237024,50,8.4,
9/17/1997,W,5.1,W5.1,W5.10.409722222222222,9:50:00 AM,10:18:00 AM,"YSI33, Hach2010, Oakton pHtestr2",0,,19,6.5,10070,10070,5.180756506,58,8.5,
9/17/1997,NW,6,NW6,NW6NA,NA,10:19:00 AM,"YSI33, Hach2010, Oakton pHtestr2",0.5,21,19.5,6,9450,9450,0.9621500575,11,8.2,
9/17/1997,NW,6,NW6,NW6NA,NA,10:19:00 AM,"YSI33, Hach2010, Oakton pHtestr2",0,,20,6.5,10300,10300,8.155842307,93,8.6,
9/18/1997,NW,6.2,NW6.2,NW6.2NA,NA,,"YSI33, Hach2010, Oakton pHtestr2",,27.5,20.5,6.5,10410,10410,8.636073223,,8.7,
9/18/1997,NW,6.2,NW6.2,NW6.2NA,NA,,"YSI33, Hach2010, Oakton pHtestr2",,,,6.5,,,10.67986254,,8.8,
9/18/1997,NW,8,NW8,NW8NA,NA,11:23:00 AM,"YSI33, Hach2010, Oakton pHtestr2",0.4,23,21,6,9770,9770,3.849192416,45,8.9,
9/18/1997,NW,8,NW8,NW8NA,NA,11:23:00 AM,"YSI33, Hach2010, Oakton pHtestr2",0,,22,6.5,10750,10750,11.13265395,132,8.6,
9/18/1997,NW,8.1,NW8.1,NW8.1NA,NA,,"YSI33, Hach2010, Oakton pHtestr2",0.44,24.5,22,6,9980,9980,7.699108168,92,8.3,
9/18/1997,NW,8.1,NW8.1,NW8.1NA,NA,,"YSI33, Hach2010, Oakton pHtestr2",0,,23,6.5,10970,10970,11.70958475,142,8.9,
9/18/1997,NW,8.2,NW8.2,NW8.2NA,NA,,"YSI33, Hach2010, Oakton pHtestr2",1.6,,22.5,6,10080,10080,9.624314659,117,8.6,
9/18/1997,NW,8.2,NW8.2,NW8.2NA,NA,,"YSI33, Hach2010, Oakton pHtestr2",0,,24,6.5,11200,11200,11.99858358,148,8.9,
9/19/1997,E,10,E10,E10NA,NA,,"YSI33, Hach2010, Oakton pHtestr2",0.4,25,20,5,8070,8070,0.9675817846,11,8.2,
9/19/1997,E,10,E10,E10NA,NA,,"YSI33, Hach2010, Oakton pHtestr2",0,,20,6,9560,9560,3.079043737,35,8.3,
9/19/1997,E,10.1,E10.1,E10.1NA,NA,,"YSI33, Hach2010, Oakton pHtestr2",0.2,25,20,5.5,8820,8820,1.543826362,18,,
9/19/1997,E,10.1,E10.1,E10.1NA,NA,,"YSI33, Hach2010, Oakton pHtestr2",0,,21,5.5,9010,9010,3.087940842,36,8.4,
9/19/1997,E,11,E11,E110.444444444444444,10:40:00 AM,,"YSI33, Hach2010, Oakton pHtestr2",0.15,,22,6,9980,9980,3.079643267,37,,
9/19/1997,E,11,E11,E110.444444444444444,10:40:00 AM,,"YSI33, Hach2010, Oakton pHtestr2",0,,22,6,9980,9980,4.426987197,53,,
9/19/1997,E,12,E12,E120.5625,1:30:00 PM,,"YSI33, Hach2010, Oakton pHtestr2",0.61,23,21.5,6.5,10630,10630,7.677311634,91,8.4,
9/19/1997,E,12,E12,E120.5625,1:30:00 PM,,"YSI33, Hach2010, Oakton pHtestr2",0,,23,6.5,10970,10970,10.0779213,122,8.9,
9/19/1997,NE,12.1,NE12.1,NE12.1NA,NA,,"YSI33, Hach2010, Oakton pHtestr2",0.58,24.5,22.5,6,10080,10080,8.661883193,105,8.8,
9/19/1997,NE,12.1,NE12.1,NE12.1NA,NA,,"YSI33, Hach2010, Oakton pHtestr2",0,,22,6.5,10750,10750,10.36488471,123,8.9,
9/19/1997,NE,12.2,NE12.2,NE12.2NA,NA,,"YSI33, Hach2010, Oakton pHtestr2",0.52,23,22,5.5,9200,9200,8.685589451,103,8.6,
9/19/1997,NE,12.2,NE12.2,NE12.2NA,NA,,"YSI33, Hach2010, Oakton pHtestr2",0,,23,6.5,10970,10970,10.36586191,126,8.9,
9/19/1997,E,13.1,E13.1,E13.1NA,NA,11:15:00 AM,"YSI33, Hach2010, Oakton pHtestr2",0.35,18.5,19,7,10790,10790,5.166188832,58,8.6,
9/19/1997,E,13.1,E13.1,E13.1NA,NA,11:15:00 AM,"YSI33, Hach2010, Oakton pHtestr2",0,,19,7,10790,10790,5.35752916,60,8.7,
9/19/1997,E,13.3,E13.3,E13.3NA,NA,,"YSI33, Hach2010, Oakton pHtestr2",0.27,19.5,18,6.25,9500,9500,5.763793467,63,8.4,
9/19/1997,E,13.3,E13.3,E13.3NA,NA,,"YSI33, Hach2010, Oakton pHtestr2",0,,19,7,10790,10790,5.740209814,64,8.6,
9/19/1997,E,13.5,E13.5,E13.50.5,12:00:00 PM,12:15:00 PM,"YSI33, Hach2010, Oakton pHtestr2",0.39,22,21,6,9770,9770,5.003950141,58,8.4,
9/19/1997,E,13.5,E13.5,E13.50.5,12:00:00 PM,12:15:00 PM,"YSI33, Hach2010, Oakton pHtestr2",0,,22,6.5,10750,10750,6.813951987,81,8.6,
9/22/1997,SE,15,SE15,SE150.368055555555556,8:50:00 AM,,"YSI33, Hach2010, Oakton pHtestr2",0.5,19,18,6.5,9850,9850,2.877838202,32,,
9/22/1997,SE,15,SE15,SE150.368055555555556,8:50:00 AM,,"YSI33, Hach2010, Oakton pHtestr2",0,,18,6.5,9850,9850,4.988252884,55,8.5,
9/22/1997,SE,15.1,SE15.1,SE15.10.409722222222222,9:50:00 AM,,"YSI33, Hach2010, Oakton pHtestr2",0.47,16.5,18,6.5,9850,9850,4.988252884,55,,
9/22/1997,SE,15.1,SE15.1,SE15.10.409722222222222,9:50:00 AM,,"YSI33, Hach2010, Oakton pHtestr2",0,,18,6.5,9850,9850,5.371964644,59,8.6,
9/22/1997,SE,16,SE16,SE160.458333333333333,11:00:00 AM,,"YSI33, Hach2010, Oakton pHtestr2",0.24,18,19.5,6.5,10180,10180,1.727021001,20,,
9/22/1997,SE,16,SE16,SE160.458333333333333,11:00:00 AM,,"YSI33, Hach2010, Oakton pHtestr2",0,,19.5,6.5,10180,10180,3.454042001,40,8.3,
9/22/1997,SE,16.1,SE16.1,SE16.10.430555555555556,10:20:00 AM,,"YSI33, Hach2010, Oakton pHtestr2",0.29,18,18,6.5,9850,9850,8.249802846,91,,
9/22/1997,SE,16.1,SE16.1,SE16.10.430555555555556,10:20:00 AM,,"YSI33, Hach2010, Oakton pHtestr2",0,,18,6.5,9850,9850,8.441658726,93,8.7,
9/22/1997,SE,16.2,SE16.2,SE16.20.479166666666667,11:30:00 AM,,"YSI33, Hach2010, Oakton pHtestr2",0.35,22,20,6.5,10300,10300,5.181358642,59,,
9/22/1997,SE,16.2,SE16.2,SE16.20.479166666666667,11:30:00 AM,,"YSI33, Hach2010, Oakton pHtestr2",0,,20,6.5,10300,10300,7.100380361,81,8.6,
10/6/1998,W,2,W2,W20.638194444444444,3:19:00 PM,3:55:00 PM,"YSI33, Hach 2010 (DO)",0.45,21,18,3,4790,4790,9.390904458,102,,
10/6/1998,W,2,W2,W20.638194444444444,3:19:00 PM,3:55:00 PM,"YSI33, Hach 2010 (DO)",0,,20,3.5,5780,5780,11.31757143,127,,
10/6/1998,W,2.3,W2.3,W2.30.611111111111111,2:40:00 PM,,"YSI33, Hach 2010 (DO)",1.25,26,17,3,4680,4680,9.585870669,99,,
10/6/1998,W,2.3,W2.3,W2.30.611111111111111,2:40:00 PM,,"YSI33, Hach 2010 (DO)",0,,18,3,4790,4790,10.17347983,110,,
10/6/1998,W,3,W3,W30.560416666666667,1:27:00 PM,1:57:00 PM,"YSI33, Hach 2010 (DO)",0.93,20,17,3,4680,4680,9.390240656,97,,
10/6/1998,W,3,W3,W30.560416666666667,1:27:00 PM,1:57:00 PM,"YSI33, Hach 2010 (DO)",0,,18,3,4790,4790,10.17347983,110,,
10/6/1998,W,3.1,W3.1,W3.10.484722222222222,11:38:00 AM,12:14:00 PM,"YSI33, Hach 2010 (DO)",0,,,,,,9.946627393,,,
10/6/1998,W,3.1,W3.1,W3.10.484722222222222,11:38:00 AM,12:14:00 PM,"YSI33, Hach 2010 (DO)",0,,,,,,10.72675503,,,
10/6/1998,W,3.2,W3.2,W3.20.583333333333333,2:00:00 PM,2:32:00 PM,"YSI33, Hach 2010 (DO)",0.3,24,18,3,4790,4790,,,,
10/6/1998,W,3.2,W3.2,W3.20.583333333333333,2:00:00 PM,2:32:00 PM,"YSI33, Hach 2010 (DO)",0,,18,3,4790,4790,9.390904458,102,,
10/6/1998,W,4,W4,W40.459722222222222,11:02:00 AM,11:36:00 AM,"YSI33, Hach 2010 (DO)",0.6,25,17,,,,10.14324446,105,,
10/6/1998,W,4,W4,W40.459722222222222,11:02:00 AM,11:36:00 AM,"YSI33, Hach 2010 (DO)",0,,17,3,4680,4680,10.56402074,110,,
10/6/1998,W,5,W5,W50.40625,9:45:00 AM,10:19:00 AM,"YSI33, Hach 2010 (DO)",0.4,21.8,17,3,4680,4680,9.781500683,101,,
10/6/1998,W,5,W5,W50.40625,9:45:00 AM,10:19:00 AM,"YSI33, Hach 2010 (DO)",0,,17,3,4680,4680,10.17276071,106,,
10/6/1998,W,5.1,W5.1,W5.10.432638888888889,10:23:00 AM,10:45:00 AM,"YSI33, Hach 2010 (DO)",0.37,21,17,3,4680,4680,9.977130697,103,,
10/6/1998,W,5.1,W5.1,W5.10.432638888888889,10:23:00 AM,10:45:00 AM,"YSI33, Hach 2010 (DO)",0,,17,3,4680,4680,10.17276071,106,,
10/7/1998,E,10,E10,E100.395833333333333,9:30:00 AM,9:51:00 AM,"YSI33, Hach 2010 (DO)",0.45,15,16.5,2.8,4330,4330,4.896004963,51,,
10/7/1998,E,10,E10,E100.395833333333333,9:30:00 AM,9:51:00 AM,"YSI33, Hach 2010 (DO)",0,,16.5,3,4620,4620,7.629285009,79,,
10/7/1998,E,10.1,E10.1,E10.10.4125,9:54:00 AM,10:20:00 AM,"YSI33, Hach 2010 (DO)",0.5,15,16.5,3,4620,4620,5.281812699,55,,
10/7/1998,E,10.1,E10.1,E10.10.4125,9:54:00 AM,10:20:00 AM,"YSI33, Hach 2010 (DO)",0,,16.5,3,4620,4620,8.020530394,83,,
10/7/1998,E,11,E11,E110.434027777777778,10:25:00 AM,10:51:00 AM,"YSI33, Hach 2010 (DO)",0.65,15,17,3,4680,4680,6.651420464,69,,
10/7/1998,E,11,E11,E110.434027777777778,10:25:00 AM,10:51:00 AM,"YSI33, Hach 2010 (DO)",0,,17,3,4680,4680,7.433940519,77,,
10/7/1998,E,13.1,E13.1,E13.10.456944444444444,10:58:00 AM,11:12:00 AM,"YSI33, Hach 2010 (DO)",0.2,15,17,2.6,4090,4090,6.470121835,67,,
10/7/1998,E,13.1,E13.1,E13.10.456944444444444,10:58:00 AM,11:12:00 AM,"YSI33, Hach 2010 (DO)",0,,17,2.5,3940,3940,7.062223288,73,,
10/7/1998,E,13.2,E13.2,E13.20.471527777777778,11:19:00 AM,11:33:00 AM,"YSI33, Hach 2010 (DO)",0.65,15,17,2.8,4380,4380,7.246344766,75,,
10/7/1998,E,13.2,E13.2,E13.20.471527777777778,11:19:00 AM,11:33:00 AM,"YSI33, Hach 2010 (DO)",0,,17,2.8,4380,4380,8.029733389,83,,
10/7/1998,E,13.3,E13.3,E13.30.559027777777778,1:25:00 PM,2:07:00 PM,"YSI33, Hach 2010 (DO)",0.8,15,17.5,3,4730,4730,7.042934132,76,,
10/7/1998,E,13.3,E13.3,E13.30.559027777777778,1:25:00 PM,2:07:00 PM,"YSI33, Hach 2010 (DO)",0,,18,3,4790,4790,8.999616772,97,,
10/7/1998,E,13.4,E13.4,E13.40.588194444444445,2:07:00 PM,2:41:00 PM,"YSI33, Hach 2010 (DO)",0.71,16,17.5,3,4730,4730,7.629845309,82,,
10/7/1998,E,13.4,E13.4,E13.40.588194444444445,2:07:00 PM,2:41:00 PM,"YSI33, Hach 2010 (DO)",0,,18,3,4790,4790,8.412685243,91,,
10/7/1998,E,13.5,E13.5,E13.50.615972222222222,2:47:00 PM,,"YSI33, Hach 2010 (DO)",0.8,21,18.5,3,4840,4840,8.41296623,87,,
10/7/1998,E,13.5,E13.5,E13.50.615972222222222,2:47:00 PM,,"YSI33, Hach 2010 (DO)",0,,18.5,3,4840,4840,8.999917362,93,,
10/8/1998,NW,6,NW6,NW60.408333333333333,9:48:00 AM,10:32:00 AM,"YSI33, Hach 2010 (DO)",0.93,19,18,2.9,4640,4640,8.808843167,95,,
10/8/1998,NW,6,NW6,NW60.408333333333333,9:48:00 AM,10:32:00 AM,"YSI33, Hach 2010 (DO)",0,,18,2.9,4640,4640,9.396099378,102,,
10/8/1998,NW,6.1,NW6.1,NW6.10.385416666666667,9:15:00 AM,9:43:00 AM,"YSI33, Hach 2010 (DO)",0.8,20,17,3,4680,4680,8.02083056,83,,
10/8/1998,NW,6.1,NW6.1,NW6.10.385416666666667,9:15:00 AM,9:43:00 AM,"YSI33, Hach 2010 (DO)",0,,17,3,4680,4680,8.412090587,87,,
10/8/1998,NW,6.2,NW6.2,NW6.20.438888888888889,10:32:00 AM,11:17:00 AM,"YSI33, Hach 2010 (DO)",0.75,18.5,18,3,4790,4790,9.195260615,99,,
10/8/1998,NW,6.2,NW6.2,NW6.20.438888888888889,10:32:00 AM,11:17:00 AM,"YSI33, Hach 2010 (DO)",0,,19,3,4890,4890,10.56546045,116,,
10/8/1998,NW,7,NW7,NW70.470833333333333,11:18:00 AM,12:10:00 PM,"YSI33, Hach 2010 (DO)",0.65,19,18,3,4790,4790,10.17347983,110,,
10/8/1998,NW,7,NW7,NW70.470833333333333,11:18:00 AM,12:10:00 PM,"YSI33, Hach 2010 (DO)",0,,19,3,4890,4890,10.36980377,114,,
10/8/1998,NW,8,NW8,NW80.554861111111111,1:19:00 PM,2:13:00 PM,"YSI33, Hach 2010 (DO)",0.54,19.5,18,3,4790,4790,,,,
10/8/1998,NW,8,NW8,NW80.554861111111111,1:19:00 PM,2:13:00 PM,"YSI33, Hach 2010 (DO)",0,,19,3,4890,4890,,,,
10/8/1998,NW,8.1,NW8.1,NW8.10.631944444444444,3:10:00 PM,4:00:00 PM,"YSI33, Hach 2010 (DO)",0.63,19.5,19,3,4890,4890,10.76111712,119,,
10/8/1998,NW,8.1,NW8.1,NW8.10.631944444444444,3:10:00 PM,4:00:00 PM,"YSI33, Hach 2010 (DO)",0,,19,3,4890,4890,11.93505717,132,,
10/8/1998,NW,8.2,NW8.2,NW8.20.59375,2:15:00 PM,3:00:00 PM,"YSI33, Hach 2010 (DO)",0.5,17,20,3,5000,5000,11.93578482,134,,
10/8/1998,NW,8.2,NW8.2,NW8.20.59375,2:15:00 PM,3:00:00 PM,"YSI33, Hach 2010 (DO)",0,,20,3,5000,5000,12.71845923,143,,
10/8/1998,NW,8.3,NW8.3,NW8.30.666666666666667,4:00:00 PM,5:03:00 PM,"YSI33, Hach 2010 (DO)",0.65,15,18.5,3,4840,4840,11.93467302,132,,
10/8/1998,NW,8.3,NW8.3,NW8.30.666666666666667,4:00:00 PM,5:03:00 PM,"YSI33, Hach 2010 (DO)",0,,18.5,3,4840,4840,12.71727453,140,,
10/12/1999,W,118,W118,W118NA,NA,,YSI85,0.45,,16.5,1.5,2371,,8.96,92.6,,
10/12/1999,W,118,W118,W118NA,NA,,YSI85,0,,16.7,1.5,2375,,9.61,99.7,,
10/12/1999,W,209,W209,W209NA,NA,,YSI85,0.6,,16.9,1.5,2385,,8.24,85.8,,
10/12/1999,W,209,W209,W209NA,NA,,YSI85,0,,17,1.5,2386,,8.7,90.9,,
10/12/1999,W,328,W328,W328NA,NA,,YSI85,0.27,,17.4,1.5,2422,,7.59,79.9,,
10/12/1999,W,328,W328,W328NA,NA,,YSI85,0,,17.4,1.5,2412,,7.48,78.7,,
10/12/1999,W,355,W355,W355NA,NA,,YSI85,0.55,,17.3,1.5,2420,,7.56,79.4,,
10/12/1999,W,355,W355,W355NA,NA,,YSI85,0,,17.4,1.5,2421,,7.54,79.5,,
10/12/1999,W,374,W374,W374NA,NA,,YSI85,0.75,,17.5,1.5,2431,,7.11,75.1,,
10/12/1999,W,374,W374,W374NA,NA,,YSI85,0,,17.7,1.5,2436,,8,84.7,,
10/12/1999,W,454,W454,W454NA,NA,,YSI85,0.55,,17.6,1.5,2436,,8.51,90,,
10/12/1999,W,454,W454,W454NA,NA,,YSI85,0,,17.9,1.5,2445,,9.61,102.2,,
10/12/1999,W,490,W490,W490NA,NA,,YSI85,0.25,,17.9,1.5,2452,,11.24,119.5,,
10/12/1999,W,490,W490,W490NA,NA,,YSI85,0,,17.9,1.5,2456,,11.49,122.3,,
10/12/1999,W,604,W604,W604NA,NA,,YSI85,1.07,,17.6,1.5,2431,,11.78,124.5,,
10/12/1999,W,604,W604,W604NA,NA,,YSI85,0,,19.7,1.5,2545,,14.95,164.9,,
10/13/1999,NW,40,NW40,NW40NA,NA,,YSI85,0.47,,16.4,1.5,2386,,2.96,30.5,,
10/13/1999,NW,40,NW40,NW40NA,NA,,YSI85,0,,16.4,1.5,2381,,4.09,42.2,,
10/13/1999,NW,125,NW125,NW125NA,NA,,YSI85,0.53,,16.9,1.5,2402,,9.16,95.5,,
10/13/1999,NW,125,NW125,NW125NA,NA,,YSI85,0,,16.9,1.5,2402,,9.7,101.1,,
10/13/1999,NW,129,NW129,NW129NA,NA,,YSI85,0.55,,17.4,1.5,2423,,8.24,86.7,,
10/13/1999,NW,129,NW129,NW129NA,NA,,YSI85,0,,17.4,1.5,2425,,9.46,99.6,,
10/13/1999,NW,171,NW171,NW171NA,NA,,YSI85,0.3,,18.1,1.5,2459,,5.67,60.6,,
10/13/1999,NW,171,NW171,NW171NA,NA,,YSI85,0,,18.1,1.5,2461,,9.68,103.5,,
10/13/1999,NW,248,NW248,NW248NA,NA,,YSI85,0.5,,18,1.5,2457,,9.92,105.8,,
10/13/1999,NW,248,NW248,NW248NA,NA,,YSI85,0,,18,1.5,2459,,10.3,109.9,,
10/13/1999,NW,259,NW259,NW259NA,NA,,YSI85,0.4,,,,,,,,,
10/13/1999,NW,259,NW259,NW259NA,NA,,YSI85,0,,,,,,,,,
10/13/1999,NW,270,NW270,NW270NA,NA,,YSI85,0.45,,18.1,1.5,2463,,4.92,52.8,,
10/13/1999,NW,270,NW270,NW270NA,NA,,YSI85,0,,18.1,1.5,2462,,10.36,110.8,,
10/14/1999,E,52,E52,E52NA,NA,,YSI85,0.4,,16.4,1.3,2115,,8.57,88.3,,
10/14/1999,E,52,E52,E52NA,NA,,YSI85,0,,16.5,1.3,2117,,9.56,98.7,,
10/14/1999,E,54,E54,E540.458333333333333,11:00:00 AM,11:25:00 AM,YSI85,0.31,,,,,,,,,
10/14/1999,E,54,E54,E540.458333333333333,11:00:00 AM,11:25:00 AM,YSI85,0,,,,,,,,,
10/14/1999,E,60,E60,E600.479166666666667,11:30:00 AM,,YSI85,0.25,,18.7,1.3,2217,,5.26,56.8,,
10/14/1999,E,60,E60,E600.479166666666667,11:30:00 AM,,YSI85,0,,18.7,1.3,2215,,9.07,97.9,,
10/14/1999,E,123,E123,E1230.604166666666667,2:30:00 PM,3:30:00 PM,YSI85,0.41,,22.4,1.2,2237,,13.92,161.6,,
10/14/1999,E,123,E123,E123NA,NA,,YSI85,0,,22.3,1.2,2203,,11.14,129,,
10/14/1999,E,186,E186,E1860.541666666666667,1:00:00 PM,2:00:00 PM,YSI85,0.7,,18.7,1.2,2096,,4.19,45.2,,
10/14/1999,E,186,E186,E1860.541666666666667,1:00:00 PM,2:00:00 PM,YSI85,0,,21.1,1.3,2263,,11.25,127.5,,
10/10/2000,W,76,W76,W760.430555555555556,10:20:00 AM,10:50:00 AM,YSI85,0.3,,14.5,2.7,5030,,6.83,68.2,,
10/10/2000,W,154,W154,W1540.53125,12:45:00 PM,1:36:00 PM,YSI85,0.45,,16,2.7,5000,,6.33,65.2,,
10/10/2000,W,330,W330,W3300.572916666666667,1:45:00 PM,2:14:00 PM,YSI85,0.63,,17.4,2.7,4970,,11.92,126.6,,
10/10/2000,W,354,W354,W3540.597222222222222,2:20:00 PM,,YSI85,1.05,,15.7,2.7,5050,,7.44,76.2,,
10/10/2000,W,610,W610,W6100.625,3:00:00 PM,3:40:00 PM,YSI85,0.5,,16.5,2.7,5040,,9.52,99.1,,
10/11/2000,E,73,E73,E730.614583333333333,2:45:00 PM,,YSI85,0.3,,17.5,2.5,,,6.51,69,,
10/11/2000,NW,97,NW97,NW970.413194444444444,9:55:00 AM,10:30:00 AM,YSI85,0.6,,15.5,2.7,5010,,10.06,102.7,,
10/11/2000,NW,115,NW115,NW1150.444444444444444,10:40:00 AM,11:00:00 AM,YSI85,0.46,,16,2.7,5010,,11.97,123.2,,
10/11/2000,NW,152,NW152,NW1520.472222222222222,11:20:00 AM,,YSI85,0.55,,15.9,2.7,4967,,5.64,57.9,,
10/11/2000,NW,241,NW241,NW2410.496527777777778,11:55:00 AM,12:20:00 PM,YSI85,0.25,,15.9,2.7,4980,,8.23,84.7,,
10/11/2000,NW,341,NW341,NW3410.579861111111111,1:55:00 PM,2:15:00 PM,YSI85,0.45,,16.2,2.7,,,10.3,106.5,,
10/19/2005,NW,86,NW86,NW86NA,NA,3:35:00 PM,ysi 85,0,,18.1,3.7,6790,,4.45,49,,
10/19/2005,NW,86,NW86,NW86NA,NA,3:35:00 PM,ysi 85,0.45,,17.9,3.7,6790,,3.99,42.6,,
10/19/2005,NW,240,NW240,NW240NA,NA,3:00:00 PM,ysi 85,0,,18.2,3.8,6910,,4.86,53,,
10/19/2005,NW,240,NW240,NW240NA,NA,3:00:00 PM,ysi 85,0.7,,18.1,3.8,6880,,0.02,0.3,,
10/19/2005,NW,248,NW248,NW248NA,NA,2:28:00 PM,ysi 85,0,,18.3,3.6,6520,,4.93,57.4,,
10/19/2005,NW,248,NW248,NW248NA,NA,2:28:00 PM,ysi 85,0.7,,18.3,3.6,6560,,3.59,37.4,,
10/19/2005,NW,305,NW305,NW305NA,NA,1:50:00 PM,ysi 85,0,,18.9,3.8,6800,,5.08,55.8,,
10/19/2005,NW,305,NW305,NW305NA,NA,1:50:00 PM,ysi 85,0.4,,18.6,3.7,6820,,3.91,45,,
10/19/2005,NW,313,NW313,NW313NA,NA,12:15:00 PM,ysi 85,0,,19.3,3.8,6720,,5.91,68.5,,
10/19/2005,NW,313,NW313,NW313NA,NA,12:15:00 PM,ysi 85,0.35,,19.23,3.8,6720,,4.84,56.1,,
10/19/2005,W,61,W61,W61NA,NA,8:35:00 AM,ysi 85,0,,16.5,3.7,5570,,4.5,46.7,,
10/19/2005,W,61,W61,W61NA,NA,8:35:00 AM,ysi 85,1.2,,15.7,3.7,6700,,0.93,3,,
10/19/2005,W,185,W185,W185NA,NA,10:00:00 AM,ysi 85,0,,17.5,3.5,6920,,6.27,73.8,,
10/19/2005,W,185,W185,W185NA,NA,10:00:00 AM,ysi 85,0.25,,17.5,3.9,7050,,4.92,53.4,,
10/19/2005,W,354,W354,W354NA,NA,10:22:00 AM,ysi 85,0.05,,17.7,3.8,6800,,4.21,46,,
10/19/2005,W,640,W640,W640NA,NA,,ysi 85,0,,16.1,3.8,6830,,3.4,38.6,,
10/19/2005,W,640,W640,W640NA,NA,,ysi 85,0.85,,16,3.7,6780,,2.93,31.4,,
10/21/2005,E,43,E43,E43NA,NA,11:55:00 AM,ysi 85,0,,16.6,3.5,6560,,1.03,11.3,,
10/21/2005,E,43,E43,E43NA,NA,11:55:00 AM,ysi 85,0.65,,16.6,3.6,6570,,0.61,6.4,,
10/21/2005,E,60,E60,E60NA,NA,11:15:00 AM,ysi 85,0,,16.4,3.6,6560,,1.12,6.55,,
10/21/2005,E,60,E60,E60NA,NA,11:15:00 AM,ysi 85,0.6,,16.4,3.6,6570,,0.41,3.2,,
10/21/2005,E,224,E224,E224NA,NA,10:50:00 AM,ysi 85,0,,16.3,3.4,4900,,1.8,15.7,,
10/21/2005,E,224,E224,E224NA,NA,10:50:00 AM,ysi 85,0.6,,16.4,3.6,6500,,0.11,1.3,,
10/21/2005,E,348,E348,E348NA,NA,9:35:00 AM,ysi 85,0,,16,3.4,6030,,1.4,14.8,,
10/21/2005,E,348,E348,E348NA,NA,9:35:00 AM,ysi 85,0.75,,16.1,3.6,6300,,0.04,0.9,,
10/21/2005,E,364,E364,E364NA,NA,9:00:00 AM,ysi 85,0,,15.9,3.3,5900,,1.04,12,,
10/21/2005,E,364,E364,E364NA,NA,9:00:00 AM,ysi 85,0.55,,15.9,3.5,6320,,0.63,7.8,,
10/16/2006,NW,339,NW339,NW339NA,NA,3:05:00 PM,ysi 85; s/n 99E0969,0,,18,2.6,4800,,11,115,,
10/16/2006,NW,354,NW354,NW354NA,NA,2:10:00 PM,ysi 85; s/n 99E0969,0,,17.3,2.6,4790,,11.6,120,,
10/16/2006,NW,354,NW354,NW354NA,NA,2:10:00 PM,ysi 85; s/n 99E0969,0.57,,17.2,2.6,4790,,7.4,81,,
10/16/2006,W,442,W442,W442NA,NA,2:00:00 PM,ysi 85; s/n 99E0969,0,,16.25,2.6,4790,,10.7,110,,
10/16/2006,W,442,W442,W442NA,NA,2:00:00 PM,ysi 85; s/n 99E0969,1.07,,16.25,2.6,4700,,11.5,119,,
10/16/2006,W,406,W406,W406NA,NA,12:40:00 PM,ysi 85; s/n 99E0969,0,,16.3,2.6,4760,,11.1,114,,
10/16/2006,W ,406,W406,W406NA,NA,12:40:00 PM,ysi 85; s/n 99E0969,0.75,,15.9,2.6,4770,,9.3,94,,
10/16/2006,W,361,W361,W361NA,NA,12:00:00 PM,ysi 85; s/n 99E0969,0,,16.6,2.6,4770,,11.35,118,,
10/16/2006,W,361,W361,W361NA,NA,12:00:00 PM,ysi 85; s/n 99E0969,0.7,,15.8,2.6,4780,,5.3,57,,
10/16/2006,W,297,W297,W297NA,NA,10:15:00 AM,ysi 85; s/n 99E0969,0,,15.7,2.6,4770,,8.9,90,,
10/16/2006,W,297,W297,W297NA,NA,10:15:00 AM,ysi 85; s/n 99E0969,1.1,,15.5,2.6,4770,,8.8,90,,
10/16/2006,W,125,W125,W125NA,NA,9:15:00 AM,ysi 85; s/n 99E0969,0,,15.6,2.6,4740,,9,92,,
10/16/2006,W,125,W125,W125NA,NA,9:15:00 AM,ysi 85; s/n 99E0969,0.92,,15.6,2.5,4700,,8.8,85,,
10/17/2006,NW,56,NW56,NW56NA,NA,11:00:00 AM,ysi 85; s/n 99E0969,0,,na,na,na,,na,na,,
10/17/2006,NW,39,NW39,NW39NA,NA,12:08:00 PM,ysi 85; s/n 99E0969,0,,na,na,na,,na,na,,
10/17/2006,E,362,E362,E362NA,NA,3:30:00 PM,ysi 85; s/n 99E0969,0,,18.6,2.3,4370,,13.4,140,,
10/17/2006,E,362,E362,E362NA,NA,3:30:00 PM,ysi 85; s/n 99E0969,1,,17.9,2.3,4370,,2,5,,
10/17/2006,E,328,E328,E328NA,NA,2:42:00 PM,ysi 85; s/n 99E0969,0,,19.1,2.3,4356,,14.5,158,,
10/17/2006,E,328,E328,E328NA,NA,2:42:00 PM,ysi 85; s/n 99E0969,0.8,,18.7,2.3,4350,,2.6,28,,
9/18/2007,E,38,E38,E38NA,NA,12:20:00 PM,ysi 85; s/n 99E0969,0,,20.5,6.3,11000,,10.4,119,,
9/18/2007,E,38,E38,E38NA,NA,12:20:00 PM,ysi 85; s/n 99E0969,0.45,,20.5,6.3,11000,,7.55,100,,
9/18/2007,E,76,E76,E76NA,NA,12:10:00 PM,ysi 85; s/n 99E0969,0.5,,19.9,6.3,11000,,7.2,70.4,,
9/18/2007,E,76,E76,E76NA,NA,12:10:00 PM,ysi 85; s/n 99E0969,0,,19.9,6.3,11000,,8.5,98.2,,
9/18/2007,E,144,E144,E144NA,NA,11:20:00 AM,ysi 85; s/n 99E0969,0,,19.7,6.2,10900,,9.5,108.4,,
9/18/2007,E,144,E144,E144NA,NA,11:20:00 AM,ysi 85; s/n 99E0969,0.45,,19.6,6.3,10900,,6.5,100,,
9/18/2007,E,355,E355,E355NA,NA,10:00:00 AM,ysi 85; s/n 99E0969,0,,18.4,6.3,11000,,7.3,80.2,,
9/18/2007,E,355,E355,E355NA,NA,10:00:00 AM,ysi 85; s/n 99E0969,0.6,,18.4,6.3,11000,,4.3,44.3,,
9/18/2007,E,361,E361,E361NA,NA,10:45:00 AM,ysi 85; s/n 99E0969,0,,18.7,6.3,11000,,7.5,84.5,,
9/18/2007,E,361,E361,E361NA,NA,10:45:00 AM,ysi 85; s/n 99E0969,0.45,,18.7,6.3,11000,,6.8,70.1,,
9/18/2007,W,1,W1,W1NA,NA,,ysi 85; s/n 99E0969,0,,21.3,6.3,11120,,8,94.5,,
9/18/2007,W,1,W1,W1NA,NA,,ysi 85; s/n 99E0969,0.37,,21.2,6.4,10320,,1.01,31.4,,
9/18/2007,W,4,W4,W4NA,NA,3:15:00 PM,ysi 85; s/n 99E0969,0,,20.8,6.3,11110,,9.35,107.8,,
9/18/2007,W,4,W4,W4NA,NA,3:15:00 PM,ysi 85; s/n 99E0969,0.55,,20.7,6.3,10200,,7.67,84.2,,
9/18/2007,W,26,W26,W26NA,NA,3:45:00 PM,ysi 85; s/n 99E0969,0,,20.7,6.3,10210,,9.4,108.1,,
9/18/2007,W,26,W26,W26NA,NA,3:45:00 PM,ysi 85; s/n 99E0969,1.05,,20.6,6.4,10210,,9.37,86.4,,
9/18/2007,W,205,W205,W205NA,NA,2:15:00 PM,ysi 85; s/n 99E0969,0,,20.5,6.3,10160,,9.3,106.1,,
9/18/2007,W,205,W205,W205NA,NA,2:15:00 PM,ysi 85; s/n 99E0969,0.57,,20.2,6.3,10100,,8.24,86.4,,
9/20/2007,NW,5,NW5,NW5NA,NA,11:10:00 AM,ysi 95,0,,16.1,,,,4.6,48,,
9/20/2007,NW,5,NW5,NW5NA,NA,11:10:00 AM,ysi 95,0.7,,16.1,,,,4.4,46,,
9/20/2007,NW,8,NW8,NW8NA,NA,10:20:00 AM,ysi 95,0,,15.8,,,,4.6,48,,
9/20/2007,NW,8,NW8,NW8NA,NA,10:20:00 AM,ysi 95,0.5,,15.9,,,,4.25,44,,
9/20/2007,NW,51,NW51,NW51NA,NA,10:00:00 AM,ysi 95,0.35,,15.7,,,,3.6,39,,
9/20/2007,NW,75,NW75,NW75NA,NA,12:00:00 PM,ysi 95,0,,16.4,,,,3.8,40,,
9/20/2007,NW,75,NW75,NW75NA,NA,12:00:00 PM,ysi 95,0.4,,16.4,,,,3,31,,
9/20/2007,NW,88,NW88,NW88NA,NA,11:15:00 AM,ysi 95,0,,16.2,,,,5.5,58,,
9/20/2007,NW ,51,NW51,NW51NA,NA,10:00:00 AM,ysi 95,0,,15.7,,,,4.4,44,,
9/20/2007,W,29,W29,W29NA,NA,12:40:00 PM,ysi 95,0,,15.7,,,,3.9,41,,
9/20/2007,W,29,W29,W29NA,NA,12:40:00 PM,ysi 95,1,,15.7,,,,1.6,15,,
10/21/2008,E,157,E157,E157NA,NA,10:55:00 AM,YSI95,0,,17.8,,,,20.64,223,,
10/21/2008,E,205,E205,E205NA,NA,11:50:00 AM,YSI95,0,,17.7,,,,11.29,125,,
10/21/2008,E,331,E331,E331NA,NA,2:16:00 PM,YSI95,0,,21.4,,,,9.44,108,,
10/21/2008,E,360,E360,E360NA,NA,,YSI95,0,,18.5,,,,4.81,49,,
10/22/2008,W,84,W84,W84NA,NA,10:00:00 AM,YSI95,0,,14.6,,,,10.11,103,,
10/22/2008,W,197,W197,W197NA,NA,,YSI85,0,,18.3,16.1,26300,,12.75,150,,
10/22/2008,W,291,W291,W291NA,NA,2:45:00 PM,YSI85,0,,18.2,15.6,25730,,12.22,142,,
10/22/2008,W,399,W399,W399NA,NA,3:20:00 PM,YSI85,0,,17.2,15.6,25600,,10.83,123.6,,
10/22/2008,W,456,W456,W456NA,NA,4:00:00 PM,YSI85,0,,17.2,15.6,25500,,11.6,132,,
10/6/2009,NW,46,NW46,NW46NA,NA,2:00:00 PM,YSI 85,0.1,,18.8,10.4,,,10.2,112,,
10/6/2009,NW,147,NW147,NW147NA,NA,1:45:00 PM,YSI 85,0,,18.3,10.4,,,12.3,132,,
10/6/2009,NW,147,NW147,NW147NA,NA,1:45:00 PM,YSI 85,0.4,,16.7,10.2,,,0.7,4,,
10/6/2009,NW,172,NW172,NW172NA,NA,12:45:00 PM,YSI 85,0.2,,19.1,10.4,,,9.2,110,,
10/6/2009,NW,290,NW290,NW290NA,NA,11:41:00 AM,YSI 85,0.25,,17.4,10.4,,,8.1,86,,
10/6/2009,NW,380,NW380,NW380NA,NA,11:20:00 AM,YSI 85,0,,16.8,10.4,,,7.8,86,,
10/6/2009,NW,380,NW380,NW380NA,NA,11:20:00 AM,YSI 85,0.3,,15.7,10.6,,,4.5,24,,
10/6/2009,W,51,W51,W51NA,NA,10:39:00 AM,YSI 85,0,,13.5,10.4,,,9.1,89,,
10/6/2009,W,51,W51,W51NA,NA,10:39:00 AM,YSI 85,0.55,,13.1,10.4,,,4.8,44.5,,
10/6/2009,W,343,W343,W343NA,NA,2:50:00 PM,YSI 85,0,,16.2,10.4,,,9.2,100,,
10/6/2009,W,343,W343,W343NA,NA,2:50:00 PM,YSI 85,0.5,,15.8,10.4,,,2.2,26,,
10/6/2009,W,468,W468,W468NA,NA,3:20:00 PM,YSI 85,0,,16.6,10.4,,,10.1,110,,
10/6/2009,W,468,W468,W468NA,NA,3:20:00 PM,YSI 85,0.45,,16,10.4,,,8.1,86,,
10/6/2009,W,477,W477,W477NA,NA,3:45:00 PM,YSI 85,0,,17.7,10.4,,,15.1,155,,
10/6/2009,W,477,W477,W477NA,NA,3:45:00 PM,YSI 85,0.55,,15.1,10.4,,,5.2,48,,
10/6/2009,W,523,W523,W523NA,NA,9:45:00 AM,YSI 85,0.28,,13.7,10.4,,,1.5,14,,
10/8/2009,E,32,E32,E32NA,NA,11:38:00 AM,YSI 85,0,,14.6,10.2,,,6.5,62,,
10/8/2009,E,32,E32,E32NA,NA,11:38:00 AM,YSI 85,0.38,,14.5,10.2,,,2.8,49,,
10/8/2009,E,55,E55,E55NA,NA,12:00:00 PM,YSI 85,0.29,,15.1,10.2,,,5.8,58,,
10/8/2009,E,158,E158,E158NA,NA,12:25:00 PM,YSI 85,0.25,,16,7.7,,,0.2,2,,
10/8/2009,E,315,E315,E315NA,NA,1:00:00 PM,YSI 85,0.25,,17.2,10.2,,,13.13,149,,
10/8/2009,E,338,E338,E338NA,NA,1:05:00 PM,YSI 85,0.2,,17.7,10.2,,,14.3,,,
9/27/2010,W,729,W729,W7290.444444444444444,10:40:00 AM,11:30:00 AM,YSI Professional Plus 2030 Serial #:10B100845,0.8,,18.2,,15703,,12.27,136,,
9/27/2010,W,570,W570,W5700.489583333333333,11:45:00 AM,12:20:00 PM,YSI Professional Plus 2030 Serial #:10B100846,0.7,,18.6,,15748,,10.01,150,,
9/27/2010,W,402,W402,W4020.569444444444444,1:40:00 PM,2:10:00 PM,YSI Professional Plus 2030 Serial #:10B100847,0.15,,22,9.21,15598,,,,,
9/27/2010,W,369,W369,W3690.59375,2:15:00 PM,2:40:00 PM,YSI Professional Plus 2030 Serial #:10B100848,0.15,,25.5,9.25,15860,,,,,
9/27/2010,W,128,W128,W1280.613194444444445,2:43:00 PM,3:20:00 PM,YSI Professional Plus 2030 Serial #:10B100849,0.22,,23.7,9.2,15741,,,,,
9/28/2010,NW,330,NW330,NW3300.645833333333333,3:30:00 PM,4:06:00 PM,YSI Professional Plus 2030 Serial #:10B100850,,,24.4,9.2,15785,,,,,
9/28/2010,NW,253,NW253,NW2530.40625,9:45:00 AM,10:10:00 AM,YSI Professional Plus 2030 Serial #:10B100851,,,19.1,9.13,15572,,,,,
9/28/2010,NW,238,NW238,NW2380.427083333333333,10:15:00 AM,10:35:00 AM,YSI Professional Plus 2030 Serial #:10B100852,0.5,,19.7,9.17,15615,,,,,
9/28/2010,NW,125,NW125,NW1250.451388888888889,10:50:00 AM,11:15:00 AM,YSI Professional Plus 2030 Serial #:10B100853,,,19.7,9.17,15670,,,,,
9/28/2010,NW,74,NW74,NW740.472222222222222,11:20:00 AM,12:00:00 PM,YSI Professional Plus 2030 Serial #:10B100854,,,20.5,9.15,15625,,,,,
9/28/2010,E,350,E350,E3500.5625,1:30:00 PM,2:00:00 PM,YSI Professional Plus 2030 Serial #:10B100855,0.29,,22,9.09,1553,,,,,
9/28/2010,E,354,E354,E3540.590277777777778,2:10:00 PM,2:30:00 PM,YSI Professional Plus 2030 Serial #:10B100856,0.35,,22,9.09,1553,,,,,
9/28/2010,E,305,E305,E3050.611111111111111,2:40:00 PM,3:05:00 PM,YSI Professional Plus 2030 Serial #:10B100857,0.51,,23.2,9.07,15541,,,,,
9/28/2010,E,50,E50,E500.635416666666667,3:15:00 PM,3:35:00 PM,YSI Professional Plus 2030 Serial #:10B100858,0.6,,22.8,9.09,15558,,,,,
9/28/2010,E,5,E5,E50.652777777777778,3:40:00 PM,3:52:00 PM,YSI Professional Plus 2030 Serial #:10B100859,0.54,,22.7,9.1,15569,,,,,
9/29/2011,W,61,W61,W610.548611111111111,1:10:00 PM,1:55:00 PM,,1.15,,18.1,3.7,6760,,7.53,76.1,,
9/29/2011,W,318,W318,W3180.590277777777778,2:10:00 PM,2:24:00 PM,,0.45,,18.5,4.4,7800,,9.64,105.1,,
9/29/2011,W,503,W503,W5030.606944444444444,2:34:00 PM,2:56:00 PM,,0.61,,17.3,3.7,6770,,5.8,63,,
9/29/2011,W,635,W635,W6350.631944444444444,3:10:00 PM,3:44:00 PM,,1.05,,18.4,3.7,6720,,7.39,79.4,,
9/29/2011,W,668,W668,W6680.658333333333333,3:48:00 PM,4:15:00 PM,,1.05,,18.6,3.7,6710,,8.9,98.6,,
9/30/2011,E,6,E06,E060.409722222222222,9:50:00 AM,10:15:00 AM,,0.75,,18.4,3.2,5900,,1.5,15,,
9/30/2011,E,148,E148,E1480.479166666666667,11:30:00 AM,11:50:00 AM,,0.75,,18.2,3.2,5970,,0.5,4,,
9/30/2011,E,347,E347,E3470.503472222222222,12:05:00 PM,12:30:00 PM,,0.76,,18.2,3.4,6170,,0.1,1.1,,
9/30/2011,E,0,E0,E00.427777777777778,10:16:00 AM,10:48:00 AM,,0.75,,18.5,3.5,6420,,0.22,2.4,,
9/30/2011,E,87,E87,E870.454861111111111,10:55:00 AM,11:15:00 AM,,0.6,,18.2,3.1,5720,,0.31,3.3,,
9/30/2011,NW,315,NW315,NW3150.583333333333333,2:00:00 PM,2:20:00 PM,,0.65,,17.6,3.7,6750,,4.68,50.2,,
9/30/2011,NW,199,NW199,NW1990.607638888888889,2:35:00 PM,3:03:00 PM,,1,,18.3,3.7,6720,,0.2,2.1,,
9/30/2011,NW,63,NW63,NW630.635416666666667,3:15:00 PM,3:40:00 PM,,0.8,,18.3,3.7,6750,,6.4,69,,
9/30/2011,NW,36,NW36,NW360.654861111111111,3:43:00 PM,,,0.95,,18.8,3.7,6710,,7.43,81,,
9/30/2011,NW,74,NW74,NW740.680555555555556,4:20:00 PM,4:45:00 PM,,0.8,,18.6,3.7,6720,,8.71,95,,
9/27/2012,W,239,W239,W239NA,NA,11:00:00 AM,NA,0,,14.9,11.2,18360,,4.19,44.4,,
9/27/2012,W,239,W239,W239NA,NA,11:00:00 AM,NA,0.7,,14.9,11.4,19114,,3.75,39.2,,
9/27/2012,W,102,W102,W1020.465277777777778,11:10:00 AM,11:35:00 AM,NA,0,,15,11.5,19280,,NA,47.5,,
9/27/2012,W,102,W102,W1020.465277777777778,11:10:00 AM,11:35:00 AM,NA,0.38,,NA,NA,NA,,NA,NA,,
9/27/2012,W,78,W78,W780.486111111111111,11:40:00 AM,12:15:00 PM,NA,0,,15.4,11.3,18874,,4.79,51,,
9/27/2012,W,78,W78,W780.486111111111111,11:40:00 AM,12:15:00 PM,NA,0.75,,15.3,11.3,19051,,4.83,51.2,,
9/27/2012,W,25,W5,W5NA,NA,12:45:00 PM,NA,0,,15.9,11.2,18797,,5.31,57.2,,
9/27/2012,W,25,W5,W5NA,NA,12:45:00 PM,NA,0.6,,15.9,11.2,18800,,5.04,54.5,,
9/27/2012,NW,333,NW333,NW3330.565972222222222,1:35:00 PM,1:45:00 PM,NA,0,,16.7,11.2,18774,,5.33,58.3,,
9/27/2012,NW,333,NW333,NW3330.565972222222222,1:35:00 PM,1:45:00 PM,NA,0.3,,NA,NA,NA,,NA,NA,,
9/27/2012,NW,236,NW236,NW2360.576388888888889,1:50:00 PM,2:12:00 PM,NA,0,,16.9,11.1,18772,,3.8,41.6,,
9/27/2012,NW,236,NW236,NW2360.576388888888889,1:50:00 PM,2:12:00 PM,NA,0.58,,NA,NA,NA,,NA,NA,,
9/27/2012,NW,188,NW188,NW188NA,NA,2:38:00 PM,NA,0,,17,11.2,18740,,4.23,46.4,,
9/27/2012,NW,188,NW188,NW188NA,NA,2:38:00 PM,NA,0.4,,NA,NA,NA,,NA,NA,,
9/27/2012,NW,Bridge,,0.458333333333333,11:00:00 AM,12:00:00 PM,NA,0,,NA,NA,NA,,NA,NA,,
9/27/2012,NW,Bridge,,0.458333333333333,11:00:00 AM,12:00:00 PM,NA,0,,NA,NA,NA,,NA,NA,,
9/27/2012,W,440,W440,W4400.413194444444444,9:55:00 AM,10:15:00 AM,NA,0,,14.9,11.2,18730,,5.3,62.5,,
9/27/2012,W,440,W440,W4400.413194444444444,9:55:00 AM,10:15:00 AM,NA,0.95,,14.9,11.2,18754,,5.55,58.6,,
9/27/2012,NW,160,NW160,NW1600.114583333333333,2:45:00 AM,3:15:00 AM,NA,0,,16.8,11.1,18728,,4.97,54.7,,
9/27/2012,NW,160,NW160,NW1600.114583333333333,2:45:00 AM,3:15:00 AM,NA,0.65,,16.7,11.2,18735,,4.99,55,,
9/27/2012,NW,38,NW38,NW380.638888888888889,3:20:00 PM,3:43:00 PM,NA,0,,17,11.1,18710,,4.86,54.5,,
9/27/2012,NW,38,NW38,NW380.638888888888889,3:20:00 PM,3:43:00 PM,NA,0.6,,NA,NA,NA,,NA,NA,,
9/28/2012,E,51,E51,E510.416666666666667,10:00:00 AM,10:12:00 AM,YSI PRO 2030 ,0,,14.3,10.7,18006,,5.07,52.2,,
9/28/2012,E,51,E51,E510.416666666666667,10:00:00 AM,10:12:00 AM,YSI PRO 2030 ,0.3,,NA,NA,NA,,NA,NA,,
9/28/2012,E,86,E86,E860.435416666666667,10:27:00 AM,10:35:00 AM,YSI PRO 2030 ,0,,14.6,17,28377,,4.02,44,,
9/28/2012,E,86,E86,E860.435416666666667,10:27:00 AM,10:35:00 AM,YSI PRO 2030 ,0.25,,NA,NA,NA,,NA,NA,,
9/28/2012,E,296,E296,E2960.472222222222222,11:20:00 AM,11:40:00 AM,YSI PRO 2030 ,0,,14.7,10.8,18111,,4.94,51.7,,
9/28/2012,E,296,E296,E2960.472222222222222,11:20:00 AM,11:40:00 AM,YSI PRO 2030 ,0.35,,NA,NA,NA,,NA,NA,,
9/28/2012,E,349,E349,E3490.489583333333333,11:45:00 AM,NA,YSI PRO 2030 ,0,,14.7,11,18550,,6.6,69,,
9/28/2012,E,349,E349,E3490.489583333333333,11:45:00 AM,NA,YSI PRO 2030 ,0.55,,NA,NA,NA,,NA,NA,,
9/25/2013,W,52,W52,W520.504861111111111,12:07:00 PM,12:30:00 PM,NA,0,,17,12.2,20350,,7.18,80.4,,
9/25/2013,W,52,W52,W520.504861111111111,12:07:00 PM,12:30:00 PM,NA,0.95,,16.2,12,20000,,4.35,42,,
9/25/2013,W,59,W59,W590.490972222222222,11:47:00 AM,12:04:00 PM,YSI PRO 2030,0,,16.6,12.2,20200,,6.6,74,,
9/25/2013,W,59,W59,W590.490972222222222,11:47:00 AM,12:04:00 PM,YSI PRO 2030,0.8,,15.8,12,20100,,5.35,55,,
9/25/2013,W,208,W208,W2080.461805555555556,11:05:00 AM,11:37:00 AM,YSI PRO 2030,0,,17.6,12.5,20900,,9.88,111,,
9/25/2013,W,208,W208,W2080.461805555555556,11:05:00 AM,11:37:00 AM,YSI PRO 2030,0.55,,15.1,12.2,20300,,4.38,44,,
9/25/2013,W,277,W277,W2770.440972222222222,10:35:00 AM,11:02:00 AM,YSI PRO 2030,0,,16.9,12.3,20500,,10.06,109,,
9/25/2013,W,277,W277,W2770.440972222222222,10:35:00 AM,11:02:00 AM,YSI PRO 2030,0.4,,15.8,12.3,20000,,8.5,91,,
9/25/2013,W,408,W408,W4080.416666666666667,10:00:00 AM,10:30:00 AM,YSI PRO 2030,0,,16.6,12,20000,,9.4,100.3,,
9/25/2013,W,408,W408,W4080.416666666666667,10:00:00 AM,10:30:00 AM,YSI PRO 2030,0.4,,15.5,11.9,19800,,5.7,62,,
9/26/2013,NW,16,NW16,NW160.661805555555556,3:53:00 PM,4:10:00 PM,YSI PRO 2030,0,,NA,NA,NA,,NA,NA,,
9/26/2013,NW,16,NW16,NW160.661805555555556,3:53:00 PM,4:10:00 PM,YSI PRO 2030,0.37,,22.2,12.5,20000,,16.5,190,,
9/26/2013,NW,71,NW71,NW710.642361111111111,3:25:00 PM,3:45:00 PM,YSI PRO 2030,0,,22.5,11.2,18850,,11.67,144,,
9/26/2013,NW,71,NW71,NW710.642361111111111,3:25:00 PM,3:45:00 PM,YSI PRO 2030,0.2,,NA,NA,NA,,NA,NA,,
9/26/2013,NW,91,NW91,NW910.619444444444445,2:52:00 PM,3:19:00 PM,YSI PRO 2030,0,,NA,NA,NA,,NA,NA,,
9/26/2013,NW,91,NW91,NW910.619444444444445,2:52:00 PM,3:19:00 PM,YSI PRO 2030,0.35,,20.4,12,20000,,11.76,141,,
9/26/2013,NW,150,NW150,NW1500.597222222222222,2:20:00 PM,2:45:00 PM,YSI PRO 2030,0,,21.2,12.3,20700,,16.55,197,,
9/26/2013,NW,150,NW150,NW1500.597222222222222,2:20:00 PM,2:45:00 PM,YSI PRO 2030,0.55,,20.1,12.6,20700,,14.9,175,,
9/26/2013,NW,323,NW323,NW3230.572916666666667,1:45:00 PM,2:10:00 PM,YSI PRO 2030,0,,NA,NA,NA,,NA,NA,,
9/26/2013,NW,323,NW323,NW3230.572916666666667,1:45:00 PM,2:10:00 PM,YSI PRO 2030,0.25,,22.1,12.1,20415,,16.8,200,,
10/1/2014,NW,314,NW314,NW3140.590277777777778,2:10:00 PM,2:19:00 PM,YSI Pro 2030,0,,21,5.6,9947,,12.3,143,,
10/1/2014,NW,314,NW314,NW3140.590277777777778,2:10:00 PM,2:19:00 PM,YSI Pro 2030,0.55,,20.8,5.6,9915,,12.2,140,,
10/1/2014,NW,323,NW323,NW3230.572916666666667,1:45:00 PM,2:05:00 PM,YSI Pro 2030,0,,21.1,5.6,9955,,10.9,127,,
10/1/2014,NW,323,NW323,NW3230.572916666666667,1:45:00 PM,2:05:00 PM,YSI Pro 2030,0.5,,21.1,5.6,9913,,9.4,109,,
10/1/2014,NW,334,NW334,NW3340.552777777777778,1:16:00 PM,1:42:00 PM,YSI Pro 2030,0,,20.6,5.6,9907,,12.6,142,,
10/1/2014,NW,334,NW334,NW3340.552777777777778,1:16:00 PM,1:42:00 PM,YSI Pro 2030,0.5,,20.5,5.6,9897,,11.8,135,,
10/1/2014,W,29,W29,W290.482638888888889,11:35:00 AM,12:02:00 PM,YSI Pro 2030,0,,18.8,5.6,9888,,10.9,121,,
10/1/2014,W,29,W29,W290.482638888888889,11:35:00 AM,12:02:00 PM,YSI Pro 2030,0.9,,18.7,5.6,9907,,6.1,68,,
10/1/2014,W,78,W78,W780.506944444444444,12:10:00 PM,12:33:00 PM,YSI Pro 2030,0,,19.8,3.4,6178,,13.2,148,,
10/1/2014,W,78,W78,W780.506944444444444,12:10:00 PM,12:33:00 PM,YSI Pro 2030,0.9,,19.2,5.6,9957,,10.2,115,,
10/1/2014,W,312,W312,W3120.4625,11:06:00 AM,11:25:00 AM,YSI Pro 2030,0,,18.4,4.3,7716,,10.4,114,,
10/1/2014,W,312,W312,W3120.4625,11:06:00 AM,11:25:00 AM,YSI Pro 2030,0.8,,18.4,5.6,9898,,10.1,111,,
10/1/2014,W,589,W589,W5890.445833333333333,10:42:00 AM,10:57:00 AM,YSI Pro 2030,0,,18.7,4.3,7708,,9.9,108,,
10/1/2014,W,589,W589,W5890.445833333333333,10:42:00 AM,10:57:00 AM,YSI Pro 2030,0.75,,18.6,5.6,9891,,9.4,104,,
10/1/2014,W,710,W710,W7100.415277777777778,9:58:00 AM,10:28:00 AM,YSI Pro 2030,0,,8.1,4.9,8765,,8.2,90,,
10/1/2014,W,710,W710,W7100.415277777777778,9:58:00 AM,10:28:00 AM,YSI Pro 2030,0.9,,8.1,5.6,9898,,7.6,83,,
10/2/2014,E,14,E14,E140.482638888888889,11:35:00 AM,11:55:00 AM,YSI Pro 2030,0,,20.3,5.5,9827,,4.2,48,,
10/2/2014,E,14,E14,E140.482638888888889,11:35:00 AM,11:55:00 AM,YSI Pro 2030,0.5,,20.4,5.5,9819,,2.0,23,,
10/2/2014,E,104,E104,E1040.395833333333333,9:30:00 AM,9:50:00 AM,YSI Pro 2030,0,,17.3,5.5,9713,,0.0,0,,
10/2/2014,E,104,E104,E1040.395833333333333,9:30:00 AM,9:50:00 AM,YSI Pro 2030,0.4,,17.4,5.5,9761,,0.0,0,,
10/2/2014,E,120,E120,E1200.413194444444444,9:55:00 AM,10:05:00 AM,YSI Pro 2030,0,,18.5,5.3,9482,,0.2,3,,
10/2/2014,E,120,E120,E1200.413194444444444,9:55:00 AM,10:05:00 AM,YSI Pro 2030,0.55,,18.8,5.3,9457,,0.0,0,,
10/2/2014,E,268,E268,E2680.430555555555556,10:20:00 AM,10:40:00 AM,YSI Pro 2030,0,,17.5,5.6,9913,,2.5,28,,
10/2/2014,E,268,E268,E2680.430555555555556,10:20:00 AM,10:40:00 AM,YSI Pro 2030,0.8,,17.3,5.6,9887,,1.2,13,,
10/2/2014,E,312,E312,E3120.451388888888889,10:50:00 AM,11:20:00 AM,YSI Pro 2030,0,,19.1,5.6,9867,,9.4,105,,
10/2/2014,E,312,E312,E3120.451388888888889,10:50:00 AM,11:20:00 AM,YSI Pro 2030,0.75,,19.2,5.6,9889,,8.6,96,,
10/2/2014,NW,96,NW96,NW960.590972222222222,2:11:00 PM,2:45:00 PM,YSI Pro 2030,0,,20.8,5.6,9924,,8.4,96,,
10/2/2014,NW,96,NW96,NW960.590972222222222,2:11:00 PM,2:45:00 PM,YSI Pro 2030,0.5,,20.8,5.6,9933,,8.2,95,,
10/2/2014,NW,197,NW197,NW1970.5625,1:30:00 PM,2:00:00 PM,YSI Pro 2030,0,,19.7,5.6,9946,,11.1,126,,
10/2/2014,NW,197,NW197,NW1970.5625,1:30:00 PM,2:00:00 PM,YSI Pro 2030,0.85,,19.2,5.6,9927,,10.3,115,,
12/3/2014,E,Car Bridge,CAR BRIDGE,CAR BRIDGE0.572916666666667,1:45:00 PM,2:15:00 PM,YSI Pro 2030,0,,14.8,0.1,,,7.2,71,,
12/3/2014,E,Car Bridge,CAR BRIDGE,CAR BRIDGE0.572916666666667,1:45:00 PM,2:15:00 PM,YSI Pro 2030,1,,,0.2,270,,6.8,67,,
12/3/2014,W,Pedestrain Bridge,PEDESTRAIN BRIDGE,PEDESTRAIN BRIDGE0.625,3:00:00 PM,3:30:00 PM,YSI Pro 2030 (SN 13K100255),0,,15.4,3.6,6530,,10.8,110,,
12/3/2014,W,Pedestrain Bridge,PEDESTRAIN BRIDGE,PEDESTRAIN BRIDGE0.625,3:00:00 PM,3:30:00 PM,YSI Pro 2030 (SN 13K100255),1.5,,14.8,3.8,6900,,8.7,88,,
9/23/2015,NW,162,NW162,NW162NA,NA,2:45:00 PM,,0.45,,25.6,12.9,21493,,17.1,241,,
9/23/2015,NW,182,NW182,NW1820.575694444444444,1:49:00 PM,,,0.58,,20.2,13.3,22283,,8.8,102,,
9/23/2015,NW,303,NW303,NW3030.552083333333333,1:15:00 PM,1:40:00 PM,,0.29,,18.7,14.1,,,8.8,,,
9/23/2015,W,24,W24,W240.498611111111111,11:58:00 AM,,,0.26,,21.4,13.2,22169,,22.4,28,,
9/23/2015,W,191,W191,W1910.479166666666667,11:30:00 AM,11:47:00 AM,,0.6,,17.6,13.1,21662,,6.3,71,,
9/23/2015,W,403,W403,W4030.465277777777778,11:10:00 AM,,,0.87,,23,11.1,18734,,4.5,57,,
9/23/2015,W,431,W431,W4310.447916666666667,10:45:00 AM,11:06:00 AM,YSI,0.48,,17.3,13.4,22150,,8.1,89,,
9/23/2015,W,483,W483,W4830.420138888888889,10:05:00 AM,10:40:00 AM,YSI Pro 2030,0,,,,,,7.0,,,
9/23/2015,W,483,W483,W4830.420138888888889,10:05:00 AM,10:40:00 AM,YSI Pro 2030,0.58,,16.7,12.9,21480,,6.0,67,,
9/24/2015,E,29,E29,E290.451388888888889,10:50:00 AM,11:15:00 AM,,0.47,,18.5,13.2,21880,,6.8,80,,
9/24/2015,E,241,E241,E2410.570833333333333,1:42:00 PM,2:00:00 PM,,0.3,,,13,21655,,7.1,95,,
9/24/2015,E,280,E280,E2800.553472222222222,1:17:00 PM,,,0.4,,,12.2,20444,,5.4,71,,
9/24/2015,E,313,E313,E3130.538194444444444,12:55:00 PM,,,0.52,,20.6,13.2,21922,,8.2,99,,
9/24/2015,E,355,E355,E3550.517361111111111,12:25:00 PM,,,0.5,,,13.6,22390,,10.6,130,,
9/24/2015,NW,125,NW125,NW1250.427083333333333,10:15:00 AM,10:33:00 AM,YSI Pro 2030,0.58,,18.1,13.1,21710,,7.2,78,,
9/24/2015,NW,141,NW141,NW1410.40625,9:45:00 AM,10:05:00 AM,YSI Pro 2030,0.53,,18.1,13,21560,,5.2,53,,
10/17/2016,W,646,W646,W6460.423611111111111,10:10:00 AM,10:45:00 AM,YSI Pro 2030,0,,16.7,6.9,11989,,9.3,95,,
10/17/2016,W,646,W646,W6460.423611111111111,10:10:00 AM,10:45:00 AM,YSI Pro 2030,0.49,,16.7,7,12202,,8.8,86,,
10/17/2016,W,423,W423,W4230.455555555555556,10:56:00 AM,11:20:00 AM,YSI Pro 2030,0,,16.6,7.1,12236,,11.5,122,,
10/17/2016,W,423,W423,W4230.455555555555556,10:56:00 AM,11:20:00 AM,YSI Pro 2030,1,,16.5,7,12207,,10.7,113,,
10/17/2016,W,301,W301,W3010.479166666666667,11:30:00 AM,11:50:00 AM,YSI Pro 2030,0,,20.8,6,11274,,9.6,110,,
10/17/2016,W,301,W301,W3010.479166666666667,11:30:00 AM,11:50:00 AM,YSI Pro 2030,0.8,,19.9,6.5,11304,,9.1,105,,
10/17/2016,W,271,W271,W2710.496527777777778,11:55:00 AM,12:10:00 PM,YSI Pro 2030,0,,17.1,7,12191,,11.5,124,,
10/17/2016,W,271,W271,W2710.496527777777778,11:55:00 AM,12:10:00 PM,YSI Pro 2030,0.7,,16.4,7.1,12267,,11.9,105,,
10/17/2016,W,96,W96,W960.517361111111111,12:25:00 PM,12:50:00 PM,YSI Pro 2030,0,,18.1,7,12402,,12.6,137,,
10/17/2016,W,96,W96,W960.517361111111111,12:25:00 PM,12:50:00 PM,YSI Pro 2030,0.75,,17.7,7.4,12870,,9.2,104,,
10/17/2016,NW,222,NW222,NW2220.576388888888889,1:50:00 PM,2:20:00 PM,YSI Pro 2030,0,,19.2,7,12146,,12.1,136,,
10/17/2016,NW,222,NW222,NW2220.576388888888889,1:50:00 PM,2:20:00 PM,YSI Pro 2030,0.71,,19.1,7,12264,,11.9,135,,
10/17/2016,NW,136,NW136,NW1360.604166666666667,2:30:00 PM,2:50:00 PM,YSI Pro 2030,0,,18.7,6.9,12084,,10.8,115,,
10/17/2016,NW,136,NW136,NW1360.604166666666667,2:30:00 PM,2:50:00 PM,YSI Pro 2030,0.55,,18.6,7,12107,,10.8,115,,
10/17/2016,NW,75,NW75,NW750.621527777777778,2:55:00 PM,3:15:00 PM,YSI Pro 2030,0,,18.9,6.9,12079,,10.1,108,,
10/17/2016,NW,75,NW75,NW750.621527777777778,2:55:00 PM,3:15:00 PM,YSI Pro 2030,0.49,,18.7,6.9,12088,,10.1,108,,
10/17/2016,NW,43,NW43,NW430.645833333333333,3:30:00 PM,3:48:00 PM,YSI Pro 2030,0,,18.8,6.9,12066,,12.8,145,,
10/17/2016,NW,43,NW43,NW430.645833333333333,3:30:00 PM,3:48:00 PM,YSI Pro 2030,0.82,,18.8,6.9,12066,,11.1,128,,
10/17/2016,NW,358,NW358,NW3580.666666666666667,4:00:00 PM,4:25:00 PM,YSI Pro 2030,0,,18.6,7.1,12420,,14.1,156,,
10/17/2016,NW,358,NW358,NW3580.666666666666667,4:00:00 PM,4:25:00 PM,YSI Pro 2030,0.55,,18.2,7.2,12470,,13.4,149,,
10/18/2016,E,358,E358,E3580.420138888888889,10:05:00 AM,10:35:00 AM,YSI Pro 2030,0,,17,6.8,11916,,10.7,108,,
10/18/2016,E,358,E358,E3580.420138888888889,10:05:00 AM,10:35:00 AM,YSI Pro 2030,0.81,,16.8,6.9,12006,,10.7,108,,
10/18/2016,E,353,E353,E3530.444444444444444,10:40:00 AM,10:55:00 AM,YSI Pro 2030,0,,17,6.8,11916,,10.7,108,,
10/18/2016,E,353,E353,E3530.444444444444444,10:40:00 AM,10:55:00 AM,YSI Pro 2030,0.75,,16.8,6.9,12006,,10.7,108,,
10/18/2016,E,231,E231,E2310.459722222222222,11:02:00 AM,11:20:00 AM,YSI Pro 2030,0,,17.7,6.5,11401,,9.7,105,,
10/18/2016,E,231,E231,E2310.459722222222222,11:02:00 AM,11:20:00 AM,YSI Pro 2030,0.62,,17.3,6.8,11900,,9.1,99,,
10/18/2016,E,130,E130,E1300.482638888888889,11:35:00 AM,11:57:00 AM,YSI Pro 2030,0,,16.2,3.7,15497,,7,70,,
10/18/2016,E,130,E130,E1300.482638888888889,11:35:00 AM,11:57:00 AM,YSI Pro 2030,1.1,,17.4,6.8,11900,,1,10,,
10/18/2016,E,26,E26,E260.510416666666667,12:15:00 PM,12:37:00 PM,YSI Pro 2030,0,,18.4,6.8,11777,,10.7,119,,
10/18/2016,E,26,E26,E260.510416666666667,12:15:00 PM,12:37:00 PM,YSI Pro 2030,0.45,,18.1,6.8,11913,,9.7,108,,
10/2/2017,W,375,W375,W3750.410416666666667,9:51:00 AM,10:15:00 AM,YSI Pro 2030,0,,16.5,5.4,9618,,6.94,73.4,,
10/2/2017,W,375,W375,W3750.410416666666667,9:51:00 AM,10:15:00 AM,YSI Pro 2030,0.9,,16.3,5.4,9612,,6.52,68.7,,
10/2/2017,W,319,W319,W3190.434027777777778,10:25:00 AM,10:40:00 AM,YSI Pro 2030,0,,16.6,5.4,9621,,7.62,80.9,,
10/2/2017,W,319,W319,W3190.434027777777778,10:25:00 AM,10:40:00 AM,YSI Pro 2030,1,,16.4,5.4,9624,,6.71,70.8,,
10/2/2017,W,284,W284,W2840.454861111111111,10:55:00 AM,11:10:00 AM,YSI Pro 2030,0,,16.7,5.4,9632,,6.37,67.6,,
10/2/2017,W,284,W284,W2840.454861111111111,10:55:00 AM,11:10:00 AM,YSI Pro 2030,0.9,,16.5,5.4,9630,,6.03,63.8,,
10/2/2017,W,92,W92,W920.46875,11:15:00 AM,11:38:00 AM,YSI Pro 2030,0,,17.3,5.4,9647,,9.02,97.1,,
10/2/2017,W,92,W92,W920.46875,11:15:00 AM,11:38:00 AM,YSI Pro 2030,0.95,,16.8,5.5,9684,,7.24,77.2,,
10/2/2017,W,149,W149,W1490.489583333333333,11:45:00 AM,12:07:00 PM,YSI Pro 2030,0,,18.9,5.4,9639,,10.7,118.9,,
10/2/2017,W,149,W149,W1490.489583333333333,11:45:00 AM,12:07:00 PM,YSI Pro 2030,0.2,,18.7,5.4,9638,,7.79,86.2,,
10/2/2017,NW,325,NW325,NW3250.541666666666667,1:00:00 PM,1:26:00 PM,YSI Pro 2030,0,,19.1,5.4,9650,,9.25,103.3,,
10/2/2017,NW,325,NW325,NW3250.541666666666667,1:00:00 PM,1:26:00 PM,YSI Pro 2030,0.65,,19.1,5.5,9709,,9.13,101.9,,
10/2/2017,NW,303,NW303,NW3030.563888888888889,1:32:00 PM,2:00:00 PM,YSI Pro 2030,0,,18.5,5.5,9733,,9.5,104.8,,
10/2/2017,NW,303,NW303,NW3030.563888888888889,1:32:00 PM,2:00:00 PM,YSI Pro 2030,0.5,,18.5,5.5,9691,,9.26,102.1,,
10/2/2017,NW,241,NW241,NW2410.59375,2:15:00 PM,2:35:00 PM,YSI Pro 2030,0,,20.7,5.5,9701,,11.01,126.7,,
10/2/2017,NW,241,NW241,NW2410.59375,2:15:00 PM,2:35:00 PM,YSI Pro 2030,0.65,,19.3,5.5,9674,,9.64,108.1,,
10/2/2017,NW,87,NW87,NW870.55,1:12:00 PM,1:33:00 PM,YSI Pro 2030,0,,19.7,5.3,9441,,9.2,103.7,,
10/2/2017,NW,87,NW87,NW870.55,1:12:00 PM,1:33:00 PM,YSI Pro 2030,0.55,,19.4,5.3,9448,,7.96,89.3,,
10/2/2017,NW,219,NW219,NW2190.611111111111111,2:40:00 PM,3:10:00 PM,YSI Pro 2030,0,,19.8,5.5,9684,,10.23,115.9,,
10/2/2017,NW,219,NW219,NW2190.611111111111111,2:40:00 PM,3:10:00 PM,YSI Pro 2030,0.55,,19.1,5.4,9645,,9.71,108.3,,
10/3/2017,E,264,E264,E2640.423611111111111,10:10:00 AM,10:37:00 AM,YSI Pro 2030,0,,15.5,4.9,8657,,6.86,70.9,,
10/3/2017,E,264,E264,E2640.423611111111111,10:10:00 AM,10:37:00 AM,YSI Pro 2030,0.65,,15.2,4.8,8502,,6.35,65.2,,
10/3/2017,E,200,E200,E2000.447916666666667,10:45:00 AM,11:06:00 AM,YSI Pro 2030,0,,17.5,1.9,3576,,4.88,51.5,,
10/3/2017,E,200,E200,E2000.447916666666667,10:45:00 AM,11:06:00 AM,YSI Pro 2030,0.5,,17.1,5.1,9021,,3.4,36.3,,
10/3/2017,E,139,E139,E1390.466666666666667,11:12:00 AM,11:43:00 AM,YSI Pro 2030,0,,17.6,3,5505,,4.04,43.1,,
10/3/2017,E,139,E139,E1390.466666666666667,11:12:00 AM,11:43:00 AM,YSI Pro 2030,UNK,,17.3,5,8881,,3.86,41.4,,
10/3/2017,E,90,E90,E900.490277777777778,11:46:00 AM,12:00:00 PM,YSI Pro 2030,0,,16.7,4.1,7331,,9.03,95.1,,
10/3/2017,E,90,E90,E900.490277777777778,11:46:00 AM,12:00:00 PM,YSI Pro 2030,0.4,,16.7,4.5,8034,,8.81,93.1,,
10/3/2017,E,58,E58,E580.510416666666667,12:15:00 PM,12:36:00 PM,YSI Pro 2030,0,,17.3,4.9,8694,,10.21,109.5,,
10/3/2017,E,58,E58,E580.510416666666667,12:15:00 PM,12:36:00 PM,YSI Pro 2030,0.55,,17.3,4.9,8683,,9.14,98.1,,
9/23/2018,W,278,W278,W2780.635416666666667,3:15:00 PM,3:45:00 PM,YSI Pro 2030,0,,18.9,8.3,14225,,0.92,10,,
9/23/2018,W,461,W461,W4610.670138888888889,4:05:00 PM,4:30:00 PM,YSI Pro 2030,0,,19.4,8.3,14240,,2.7,31,,
9/23/2018,W,514,W514,W5140.638888888888889,3:20:00 PM,4:00:00 PM,YSI Pro 2030,0,,19.5,8.3,14272,,3.4,38,,
9/27/2018,E,107,E107,E107NA,NA,12:35:00 PM,YSI Pro 2030,0,,17.1,8.3,14195,,1.5,17.4,,
9/27/2018,E,115,E115,E115NA,NA,12:00:00 PM,YSI Pro 2030,0,,16.1,7.3,12577,,0.91,9.6,,
9/27/2018,E,115,E115,E115NA,NA,12:00:00 PM,YSI Pro 2030,0.35,,16.1,7.3,12693,,0.98,10.3,,
9/27/2018,E,217,E217,E2170.475694444444444,11:25:00 AM,11:44:00 AM,YSI Pro 2030,0,,16.1,7.3,12693,,0.98,10.3,,
9/27/2018,E,217,E217,E2170.475694444444444,11:25:00 AM,11:44:00 AM,YSI Pro 2030,0.6,,16.1,7.3,12577,,0.91,9.6,,
9/27/2018,E,222,E222,E2220.458333333333333,11:00:00 AM,11:20:00 AM,YSI Pro 2030,0,,15.8,7.1,12387,,0,0,,
9/27/2018,E,350,E350,E350NA,NA,10:51:00 AM,YSI Pro 2030,0,,15.9,8.3,14277,,1.5,15,,
9/27/2018,E,350,E350,E350NA,NA,10:51:00 AM,YSI Pro 2030,0.5,,16,8.3,14282,,1.34,14.3,,
9/27/2018,W,35,W35,W35NA,NA,2:35:00 PM,YSI Pro 2030,0,,16.9,7.6,13127,,2.19,23.6,,
9/27/2018,W,35,W35,W35NA,NA,2:35:00 PM,YSI Pro 2030,0.5,,16.9,8.4,14377,,2.01,21.8,,
9/27/2018,W,294,W294,W2940.614583333333333,2:45:00 PM,3:10:00 PM,YSI Pro 2030,0,,16.8,8.4,14358,,2.65,29.3,,
9/27/2018,W,294,W294,W2940.614583333333333,2:45:00 PM,3:10:00 PM,YSI Pro 2030,0.8,,16.8,8.4,14352,,2.73,29,,
9/28/2018,NW,42,NW42,NW420.399305555555556,9:35:00 AM,9:51:00 AM,YSI Pro 2030,0,,15.3,8.3,14284,,1.04,11,,
9/28/2018,NW,88,NW88,NW88NA,NA,10:20:00 AM,YSI Pro 2030,0,,15.3,8.4,14365,,3.13,32,,
9/28/2018,NW,88,NW88,NW88NA,NA,10:20:00 AM,YSI Pro 2030,0.3,,15.3,8.4,14362,,2.68,28.1,,
9/28/2018,NW,182,NW182,NW182NA,NA,11:00:00 AM,YSI Pro 2030,0,,15.6,8.4,14370,,2.91,30.8,,
9/28/2018,NW,182,NW182,NW182NA,NA,11:00:00 AM,YSI Pro 2030,0.6,,15.7,8.4,14364,,2.09,22.1,,
9/28/2018,NW,227,NW227,NW2270.470138888888889,11:17:00 AM,11:35:00 AM,YSI Pro 2030,0,,15.9,8.4,14366,,2.68,28.4,,
9/28/2018,NW,227,NW227,NW2270.470138888888889,11:17:00 AM,11:35:00 AM,YSI Pro 2030,0.62,,15.9,8.4,14365,,2.58,27.4,,
9/28/2018,NW,237,NW237,NW237NA,NA,12:06:00 PM,YSI Pro 2030,0,,16.2,8.4,14374,,2.47,26.5,,
9/28/2018,NW,237,NW237,NW237NA,NA,12:06:00 PM,YSI Pro 2030,0.48,,16.2,8.4,14373,,2.23,23.9,,
9/18/2019,W,146,W146,W1461354,12:00:00 AM,,YSI PRO 2030,0,,21.8,4,7280,,12.1,140,,
9/18/2019,W,146,W146,W1461354,12:00:00 AM,,YSI PRO 2030,0.95,,19.7,4,7267,,6.9,77,,
9/18/2019,W,265,W265,W265NA,NA,12:00:00 AM,YSI PRO 2030,0,,24.8,4,7249,,17.54,21.8,,
9/18/2019,W,379,W379,W379NA,NA,,YSI PRO 2030,0,,19.5,4,7310,,7.68,85.1,,
9/18/2019,W,379,W379,W379NA,NA,,YSI PRO 2030,0.4,,19.4,4,7268,,6.51,72,,
9/18/2019,W,714,W714,W7140.464583333333333,11:09:00 AM,12:00:00 AM,YSI PRO 2030,0,,19.8,4,7315,,8.51,95.1,,
9/18/2019,W,714,W714,W7140.464583333333333,11:09:00 AM,12:00:00 AM,YSI PRO 2030,0.35,,19.3,4,7300,,5.51,60.9,,
9/18/2019,W,761,W761,W7610.423611111111111,10:10:00 AM,12:00:00 AM,YSI PRO 2030,0,,19.1,4.1,7324,,7.07,77.9,,
9/18/2019,W,761,W761,W7611010,12:00:00 AM,12:00:00 AM,YSI PRO 2030,0.6,,19.1,4,7216,,5.95,65.6,,
9/23/2019,NW,31,NW031,NW0311025,12:00:00 AM,12:00:00 AM,YSI PRO 2030,0,,19.8,4.1,7334,,6.44,71.8,,
9/23/2019,NW,31,NW031,NW0311025,12:00:00 AM,12:00:00 AM,YSI PRO 2030,0.7,,19.5,4,7309,,4.15,46,,
9/23/2019,NW,129,NW129,NW1291113,12:00:00 AM,12:00:00 AM,YSI PRO 2030,0,,19.9,4.1,7381,,7,78.2,,
9/23/2019,NW,129,NW129,NW1291113,12:00:00 AM,12:00:00 AM,YSI PRO 2030,0.7,,19.7,4.1,7345,,4.74,52.8,,
9/23/2019,NW,137,NW137,NW1371143,12:00:00 AM,12:00:00 AM,YSI PRO 2030,0,,20.5,4.2,7507,,7.76,87.9,,
9/23/2019,NW,137,NW137,NW1371143,12:00:00 AM,12:00:00 AM,YSI PRO 2030,0.7,,19.9,4.1,7353,,3.86,43.1,,
9/23/2019,NW,221,NW221,NW2211225,12:00:00 AM,12:00:00 AM,YSI PRO 2030,0,,20.7,4.2,7523,,8.71,98.8,,
9/23/2019,NW,221,NW221,NW2211225,12:00:00 AM,12:00:00 AM,YSI PRO 2030,0.55,,20.3,4.1,7353,,5.16,58.2,,
9/23/2019,NW,258,NW258,NW258NA,NA,12:00:00 AM,YSI PRO 2030,0,,21.3,4.1,7350,,8.63,99.5,,
9/23/2019,NW,258,NW258,NW258NA,NA,12:00:00 AM,YSI PRO 2030,0.75,,20.7,4.1,7378,,6.86,78.1,,
9/23/2019,E,11,E011,E011NA,NA,12:00:00 AM,YSI PRO 2030,0,,20.8,2.9,5385,,3.67,41.5,,
9/23/2019,E,11,E011,E011NA,NA,12:00:00 AM,YSI PRO 2030,0.8,,18.3,3.2,5801,,1.3,14,,
9/23/2019,E,72,E072,E0721440,12:00:00 AM,,YSI PRO 2030,0,,19.5,3.1,5632,,2.16,23.8,,
9/23/2019,E,72,E072,E0721440,12:00:00 AM,,YSI PRO 2030,0.45,,18,2.9,5371,,1.68,18,,
9/26/2019,E,283,E283,E2831000,12:00:00 AM,,YSI PRO 2030,0,,20.2,3.8,6919,,5.61,63,,
9/26/2019,E,283,E283,E2831000,12:00:00 AM,,YSI PRO 2030,0.75,,19.4,3.8,6879,,3.74,41.4,,
9/26/2019,E,288,E288,E2881040,12:00:00 AM,,YSI PRO 2030,0,,21.1,4.1,7406,,7.92,90.8,,
9/26/2019,E,288,E288,E2881040,12:00:00 AM,,YSI PRO 2030,0.75,,20,4,7207,,4.34,48.7,,
9/26/2019,E,319,E319,E3191100,12:00:00 AM,,YSI PRO 2030,0,,21.3,4.1,7452,,7.04,81,,
9/26/2019,E,319,E319,E3191100,12:00:00 AM,,YSI PRO 2030,0.65,,20.4,4,7321,,4.34,49,,
9/29/2020,W,431,W431,W4310.442361111111111,10:37:00 AM,11:16:00 AM,YSI Pro2030,0,,19.7,3.7,6714,,10.98,122.8,,
9/29/2020,W,431,W431,W4310.442361111111111,10:37:00 AM,11:16:00 AM,YSI Pro2030,0.9,,19.7,4.3,7728,,9.79,109.8,,
9/29/2020,W,374,W374,W3740.481944444444444,11:34:00 AM,11:48:00 AM,YSI Pro2030,0,,19.7,4.3,7685,,10.55,117,,
9/29/2020,W,374,W374,W3740.481944444444444,11:34:00 AM,11:48:00 AM,YSI Pro2030,0.95,,19.7,4.3,7688,,8.97,100,,
9/29/2020,W,305,W305,W3050.495833333333333,11:54:00 AM,12:14:00 PM,YSI Pro2030,0,,19.7,4.3,7700,,8,91,,
9/29/2020,W,305,W305,W3050.495833333333333,11:54:00 AM,12:14:00 PM,YSI Pro2030,0.85,,19.6,4.3,7687,,6.72,75.2,,
9/29/2020,W,272,W272,W2720.543055555555556,1:02:00 PM,1:31:00 PM,YSI Pro2030,0,,19.8,4.3,7686,,8.42,93.4,,
9/29/2020,W,272,W272,W2720.543055555555556,1:02:00 PM,1:31:00 PM,YSI Pro2030,0.55,,19.8,4.3,7681,,7.74,88,,
9/29/2020,W,95,W095,W0950.570138888888889,1:41:00 PM,2:14:00 PM,YSI Pro2030,0,,19.8,4.1,7442,,10.9,122,,
9/29/2020,W,95,W095,W0950.570138888888889,1:41:00 PM,2:14:00 PM,YSI Pro2030,0.65,,19.9,4.3,7681,,10.2,116,,
9/29/2020,NW,300,NW300,NW3000.601388888888889,2:26:00 PM,2:47:00 PM,YSI Pro2030,0,,20,4.2,7612,,13.3,150,,
9/29/2020,NW,300,NW300,NW3000.601388888888889,2:26:00 PM,2:47:00 PM,YSI Pro2030,0.5,,20,4.3,7677,,12.66,143.9,,
9/29/2020,NW,268,NW268,NW2680.622916666666667,2:57:00 PM,3:11:00 PM,YSI Pro2030,0,,20.2,4.3,7674,,14,158,,
9/29/2020,NW,268,NW268,NW2680.622916666666667,2:57:00 PM,3:11:00 PM,YSI Pro2030,0.6,,20.2,4.3,7676,,12.6,143,,
9/29/2020,NW,167,NW167,NW1670.639583333333333,3:21:00 PM,3:43:00 PM,YSI Pro2030,0,,20.2,4.1,7666,,13.9,157,,
9/29/2020,NW,167,NW167,NW1670.639583333333333,3:21:00 PM,3:43:00 PM,YSI Pro2030,0.6,,20.2,4.3,7670,,12.1,136,,
9/30/2020,NW,111,NW111,NW1110.54375,1:03:00 PM,1:25:00 PM,YSI Pro2030,0,,20.2,4.3,7682,,14.3,160,,
9/30/2020,NW,111,NW111,NW1110.54375,1:03:00 PM,1:25:00 PM,YSI Pro2030,0.7,,20.2,4.3,7677,,11.6,139,,
9/30/2020,NW,14,NW014,NW0140.565972222222222,1:35:00 PM,2:05:00 PM,YSI Pro2030,0,,21.1,4.3,7684,,15.7,181,,
9/30/2020,NW,14,NW014,NW0140.565972222222222,1:35:00 PM,2:05:00 PM,YSI Pro2030,0.65,,20.7,4.3,7668,,13.81,158,,
9/30/2020,E,35,E035,E0350.40625,9:45:00 AM,10:06:00 AM,YSI Pro2030,0,,18.7,4.1,7700,,9.89,109,,
9/30/2020,E,35,E035,E0350.40625,9:45:00 AM,10:06:00 AM,YSI Pro2030,0.6,,18.7,4.3,7696,,5.53,61,,
9/30/2020,E,324,E324,E3240.475694444444444,11:25:00 AM,11:47:00 AM,YSI Pro2030,0,,19.6,4.3,7674,,10.45,117.4,,
9/30/2020,E,324,E324,E3240.475694444444444,11:25:00 AM,11:47:00 AM,YSI Pro2030,0.65,,19.6,4.3,7665,,6.7,74,,
9/30/2020,E,306,E306,E3060.463888888888889,11:08:00 AM,11:19:00 AM,YSI Pro2030,0,,19.2,4.3,7672,,10.15,112,,
9/30/2020,E,306,E306,E3060.463888888888889,11:08:00 AM,11:19:00 AM,YSI Pro2030,0.6,,19.2,4.3,7676,,8,90,,
9/30/2020,E,287,E287,E2870.45,10:48:00 AM,11:00:00 AM,YSI Pro2030,0,,18.9,4.3,7662,,8.6,94,,
9/30/2020,E,287,E287,E2870.45,10:48:00 AM,11:00:00 AM,YSI Pro2030,0.65,,18.9,4.3,7678,,5.4,53,,
9/30/2020,E,204,E204,E2040.430555555555556,10:20:00 AM,10:33:00 AM,YSI Pro2030,0,,18.7,4.2,7600,,10.33,113,,
9/30/2020,E,204,E204,E2040.430555555555556,10:20:00 AM,10:33:00 AM,YSI Pro2030,0.45,,18.7,4.3,7676,,10,113,,
9/30/2020,W,,BELOW PEDESTRIAN BRIDGE,BELOW PEDESTRIAN BRIDGE0.625,3:00:00 PM,3:20:00 PM,YSI Pro2030,0,,20.2,4.3,7705,,12.33,139.5,,
9/30/2020,W,,BELOW PEDESTRIAN BRIDGE,BELOW PEDESTRIAN BRIDGE0.625,3:00:00 PM,3:20:00 PM,YSI Pro2030,1.05,,19.9,4.3,7693,,9.43,106,,
10/26/2021,NW,82,NW82,NW82NA,NA,,YSI Pro 2030 S/N 10J100388,0,,15.8,0.4,872,,5.93,59.3,,
10/26/2021,NW,82,NW82,NW82NA,NA,,YSI Pro 2030 S/N 10J100388,1.2,,15,0.5,1062,,3.56,35,,
10/26/2021,NW,244,NW244,NW244NA,NA,,YSI Pro 2030 S/N 10J100388,0,,16.8,0.7,1478,,7.83,80.3,,
10/26/2021,NW,244,NW244,NW244NA,NA,,YSI Pro 2030 S/N 10J100388,1.05,,16,0.8,1562,,5.48,55.2,,
10/26/2021,NW,330,NW330,NW330NA,NA,2:45:00 PM,YSI Pro 2030 S/N 10J100388,0,,17,0.7,1377,,7.6,78.1,,
10/26/2021,NW,330,NW330,NW330NA,NA,2:45:00 PM,YSI Pro 2030 S/N 10J100388,1.25,,16.2,0.8,1611,,6.97,70.4,,
10/26/2021,NW,353,NW353,NW3530.581944444444445,1:58:00 PM,2:20:00 PM,YSI Pro 2030 S/N 10J100388,0,,17.4,0.6,1208,,7.69,79.6,,
10/26/2021,NW,353,NW353,NW3530.581944444444445,1:58:00 PM,2:20:00 PM,YSI Pro 2030 S/N 10J100388,1.25,,15.9,0.8,1617,,5.69,57.3,,
10/26/2021,W,15,W15,W150.479166666666667,11:30:00 AM,,YSI Pro 2030 S/N 10J100388,0,,15.4,0.7,1457,,8.15,80.9,,
10/26/2021,W,15,W15,W150.979166666666667,11:30:00 PM,,YSI Pro 2030 S/N 10J100388,1.15,,15.1,0.8,1550,,5.83,57.6,,
10/26/2021,W,48,W48,W480.5,12:00:00 PM,12:24:00 PM,YSI Pro 2030 S/N 10J100388,0,,15.6,0.5,1065,,6.95,69.2,,
10/26/2021,W,48,W48,W480.5,12:00:00 PM,12:24:00 PM,YSI Pro 2030 S/N 10J100388,1.35,,15,0.8,1554,,4.65,44.9,,
10/26/2021,W,76,W76,W760.518055555555556,12:26:00 PM,12:47:00 PM,YSI Pro 2030 S/N 10J100388,0,,15.7,0.6,1222,,7.18,71.7,,
10/26/2021,W,76,W76,W760.518055555555556,12:26:00 PM,12:47:00 PM,YSI Pro 2030 S/N 10J100388,1.05,,15.2,0.8,1527,,4.88,48.3,,
10/26/2021,W,650,W650,W6500.460416666666667,11:03:00 AM,,YSI Pro 2030 S/N 10J100388,0,,15.2,0.8,1514,,7.39,73.1,,
10/26/2021,W,650,W650,W6500.460416666666667,11:03:00 AM,,YSI Pro 2030 S/N 10J100388,0.8,,15.1,0.8,1585,,6.15,60.7,,
10/26/2021,W,755,W755,W7550.444444444444444,10:40:00 AM,10:50:00 AM,YSI Pro 2030 S/N 10J100388,0,,15.1,0.7,1463,,7.3,72,,
10/26/2021,W,755,W756,W7560.444444444444444,10:40:00 AM,10:50:00 AM,YSI Pro 2030 S/N 10J100388,1.1,,15,0.8,1489,,4.78,47.1,,
10/27/2021,E,57,E57,E570.541666666666667,1:00:00 PM,1:30:00 PM,YSI Pro 2030 S/N 10J100388,0,,18.6,0.5,1016,,7.01,74,,
10/27/2021,E,57,E57,E570.541666666666667,1:00:00 PM,1:30:00 PM,YSI Pro 2030 S/N 10J100388,1.3,,15.7,0.7,1422,,3.91,39,,
10/27/2021,E,93,E93,E930.51875,12:27:00 PM,,YSI Pro 2030 S/N 10J100388,0,,18.4,0.5,1048,,6.9,73,,
10/27/2021,E,93,E93,E930.51875,12:27:00 PM,,YSI Pro 2030 S/N 10J100388,1.3,,15.6,0.7,1467,,3.78,38,,
10/27/2021,E,159,E159,E1590.491666666666667,11:48:00 AM,12:16:00 PM,YSI Pro 2030 S/N 10J100388,0,,17.9,0.5,1036,,6.46,67,,
10/27/2021,E,159,E159,E1590.491666666666667,11:48:00 AM,12:16:00 PM,YSI Pro 2030 S/N 10J100388,1.32,,15.7,0.7,1382,,3.33,33,,
10/27/2021,E,350,E350,E3500.447916666666667,10:45:00 AM,11:20:00 AM,YSI Pro 2030 S/N 10J100388,0,,16,0.5,1080,,4.64,46.4,,
10/27/2021,E,350,E350,E3500.447916666666667,10:45:00 AM,11:20:00 AM,YSI Pro 2030 S/N 10J100388,1,,15.6,0.7,1393,,4.67,46,,
9/28/2022,W,429,W429,W4290.418055555555556,10:02:00 AM,10:43:00 AM,,0.52,,16.5,5.3,9382,,6.97,73,,"no top reading, too shallow"
9/28/2022,W,415,W415,W4150.45,10:48:00 AM,11:02:00 AM,,0,,17.4,4.9,8814,,8.51,91,,
9/28/2022,W,415,W415,W4150.45,10:48:00 AM,11:02:00 AM,,0.56,,17.1,5.3,9385,,7.69,82,,
9/28/2022,W,364,W364,W3640.463194444444444,11:07:00 AM,11:41:00 AM,,0,,17.2,4.6,9400,,8.1,88,,
9/28/2022,W,364,W364,W3640.463194444444444,11:07:00 AM,11:41:00 AM,,0.65,,16.9,5.3,9364,,5.2,52,,
9/28/2022,W,356,W356,W3560.491666666666667,11:48:00 AM,12:03:00 PM,,0,,17.3,5.2,9402,,9.2,98,,
9/28/2022,W,356,W356,W3560.491666666666667,11:48:00 AM,12:03:00 PM,,0.8,,17.2,5.3,9366,,5.6,52,,
9/28/2022,W,240,W240,W2400.506944444444444,12:10:00 PM,12:38:00 PM,,0,,17.6,5.3,9452,,8.8,94,,
9/28/2022,W,240,W240,W2400.506944444444444,12:10:00 PM,12:38:00 PM,,0.55,,17.4,5.3,9382,,4.6,50,,
9/28/2022,NW,371,NW371,NW3710.572222222222222,1:44:00 PM,2:05:00 PM,,0,,19.3,5.3,9382,,8.97,100,,
9/28/2022,NW,371,NW371,NW3710.572222222222222,1:44:00 PM,2:05:00 PM,,0.4,,19.2,5.3,9388,,7.8,84,,
9/28/2022,NW,297,NW297,NW2970.598611111111111,2:22:00 PM,2:29:00 PM,,0,,19.6,5.3,9382,,8.74,98,,"No bottom reading, too shallow"
9/28/2022,NW,275,NW275,NW2750.609722222222222,2:38:00 PM,3:04:00 PM,,0,,20,5.3,9420,,8.8,99,,
9/28/2022,NW,275,NW275,NW2750.609722222222222,2:38:00 PM,3:04:00 PM,,0.6,,19.8,5.3,9401,,5.7,65,,
9/28/2022,NW,114,NW114,NW1140.636805555555556,3:17:00 PM,4:12:00 PM,,0,,20,5.3,9403,,8.45,95,,
9/28/2022,NW,114,NW114,NW1140.636805555555556,3:17:00 PM,4:12:00 PM,,0.69,,20,5.3,9396,,6.78,72,,
9/28/2022,NW,86,NW86,NW860.680555555555556,4:20:00 PM,4:43:00 PM,,0,,20.2,5.3,9396,,8.7,99,,
9/28/2022,NW,86,NW86,NW860.680555555555556,4:20:00 PM,4:43:00 PM,,0.45,,20,5.3,9368,,7.07,80,,
9/29/2022,E,171,E171,E1710.429861111111111,10:19:00 AM,10:48:00 AM,,0,,18.6,5.3,9331,,6.45,71,,"Too shallow, bottom w/same WQ conditions"
9/29/2022,E,198,E198,E1980.452777777777778,10:52:00 AM,11:17:00 AM,,0,,19.3,5.3,9333,,7.9,87,,
9/29/2022,E,198,E198,E1980.452777777777778,10:52:00 AM,11:17:00 AM,,0.42,,19.4,5.3,9343,,7.17,81,,
9/29/2022,E,235,E235,E2350.479166666666667,11:30:00 AM,11:57:00 AM,,0.35,,20.6,5.3,9410,,8.4,97,,"Too shallow, no top reading"
9/29/2022,E,246,E246,E2460.504166666666667,12:06:00 PM,12:45:00 PM,,0,,21.2,5.3,9378,,9.2,107,,
9/29/2022,E,246,E246,E2460.504166666666667,12:06:00 PM,12:45:00 PM,,0.45,,21.2,5.3,9393,,3.2,33,,
9/29/2022,E,286,E286,E2860.534722222222222,12:50:00 PM,1:09:00 PM,,0,,21.2,5.3,9390,,12.1,140,,
9/29/2022,E,286,E286,E2860.534722222222222,12:50:00 PM,1:09:00 PM,,0.45,,21.1,5.3,9384,,9.5,110,,